tld,type,language_code,sponsor,punycode,translation,romanized,rtl
aaa,gTLD,,"American Automobile Association, Inc.",,,,False
aarp,gTLD,,AARP,,,,False
abarth,gTLD,,Fiat Chrysler Automobiles N.V.,,,,False
abb,gTLD,,ABB Ltd,,,,False
abbott,gTLD,,"Abbott Laboratories, Inc.",,,,False
abbvie,gTLD,,AbbVie Inc.,,,,False
abc,gTLD,,"Disney Enterprises, Inc.",,,,False
able,gTLD,,Able Inc.,,,,False
abogado,gTLD,,Minds + Machines Group Limited,,lawyer,,False
abudhabi,gTLD,,Abu Dhabi Systems and Information Centre,,,,False
ac,ccTLD,,Internet Computer Bureau Limited,,,,False
academy,gTLD,,"Binky Moon, LLC",,,,False
accenture,gTLD,,Accenture plc,,,,False
accountant,gTLD,,dot Accountant Limited,,,,False
accountants,gTLD,,"Binky Moon, LLC",,,,False
aco,gTLD,,ACO Severin Ahlmann GmbH & Co. KG,,,,False
active,gTLD,,Not assigned,,,,False
actor,gTLD,,United TLD Holdco Ltd.,,,,False
ad,ccTLD,,Andorra Telecom,,,,False
adac,gTLD,,Allgemeiner Deutscher Automobil-Club e.V. (ADAC),,,,False
ads,gTLD,,Charleston Road Registry Inc.,,,,False
adult,gTLD,,ICM Registry AD LLC,,,,False
ae,ccTLD,,Telecommunication Regulatory Authority (TRA),,,,False
aeg,gTLD,,Aktiebolaget Electrolux,,,,False
aero,sTLD,,Societe Internationale de Telecommunications Aeronautique (SITA INC USA),,,,False
aetna,gTLD,,Aetna Life Insurance Company,,,,False
af,ccTLD,,Ministry of Communications and IT,,,,False
afamilycompany,gTLD,,"Johnson Shareholdings, Inc.",,,,False
afl,gTLD,,Australian Football League,,,,False
africa,gTLD,,ZA Central Registry NPC trading as Registry.Africa,,,,False
ag,ccTLD,,UHSA School of Medicine,,,,False
agakhan,gTLD,,Fondation Aga Khan (Aga Khan Foundation),,,,False
agency,gTLD,,"Binky Moon, LLC",,,,False
ai,ccTLD,,Government of Anguilla,,,,False
aig,gTLD,,"American International Group, Inc.",,,,False
aigo,gTLD,,Not assigned,,,,False
airbus,gTLD,,Airbus S.A.S.,,,,False
airforce,gTLD,,United TLD Holdco Ltd.,,,,False
airtel,gTLD,,Bharti Airtel Limited,,,,False
akdn,gTLD,,Fondation Aga Khan (Aga Khan Foundation),,,,False
al,ccTLD,,Electronic and Postal Communications Authority - AKEP,,,,False
alfaromeo,gTLD,,Fiat Chrysler Automobiles N.V.,,,,False
alibaba,gTLD,,Alibaba Group Holding Limited,,,,False
alipay,gTLD,,Alibaba Group Holding Limited,,,,False
allfinanz,gTLD,,Allfinanz Deutsche Vermögensberatung Aktiengesellschaft,,,,False
allstate,gTLD,,Allstate Fire and Casualty Insurance Company,,,,False
ally,gTLD,,Ally Financial Inc.,,,,False
alsace,gTLD,,REGION GRAND EST,,,,False
alstom,gTLD,,ALSTOM,,,,False
am,ccTLD,,"""Internet Society"" Non-governmental Organization",,,,False
amazon,gTLD,,"Amazon Registry Services, Inc.",,,,False
americanexpress,gTLD,,"American Express Travel Related Services Company, Inc.",,,,False
americanfamily,gTLD,,"AmFam, Inc.",,,,False
amex,gTLD,,"American Express Travel Related Services Company, Inc.",,,,False
amfam,gTLD,,"AmFam, Inc.",,,,False
amica,gTLD,,Amica Mutual Insurance Company,,,,False
amsterdam,gTLD,,Gemeente Amsterdam,,,,False
an,ccTLD,,Retired,,,,False
analytics,gTLD,,Campus IP LLC,,,,False
android,gTLD,,Charleston Road Registry Inc.,,,,False
anquan,gTLD,,QIHOO 360 TECHNOLOGY CO. LTD.,,,,False
anz,gTLD,,Australia and New Zealand Banking Group Limited,,,,False
ao,ccTLD,,Ministry of Telecommunications and Information Technologies (MTTI),,,,False
aol,gTLD,,OATH Inc.,,,,False
apartments,gTLD,,"Binky Moon, LLC",,,,False
app,gTLD,,Charleston Road Registry Inc.,,,,False
apple,gTLD,,Apple Inc.,,,,False
aq,ccTLD,,Antarctica Network Information Centre Limited,,,,False
aquarelle,gTLD,,Aquarelle.com,,,,False
ar,ccTLD,,Presidencia de la Nación – Secretaría Legal y Técnica,,,,False
arab,gTLD,,League of Arab States,,,,False
aramco,gTLD,,Aramco Services Company,,,,False
archi,gTLD,,Afilias Limited,,,,False
army,gTLD,,United TLD Holdco Ltd.,,,,False
arpa,infrastructure,,Internet Architecture Board (IAB),,,,False
art,gTLD,,UK Creative Ideas Limited,,,,False
arte,gTLD,,Association Relative à la Télévision Européenne G.E.I.E.,,,,False
as,ccTLD,,AS Domain Registry,,,,False
asda,gTLD,,"Wal-Mart Stores, Inc.",,,,False
asia,sTLD,,DotAsia Organisation Ltd.,,,,False
associates,gTLD,,"Binky Moon, LLC",,,,False
at,ccTLD,,nic.at GmbH,,,,False
athleta,gTLD,,"The Gap, Inc.",,,,False
attorney,gTLD,,"United TLD Holdco, Ltd",,,,False
au,ccTLD,,.au Domain Administration (auDA),,,,False
auction,gTLD,,"United TLD HoldCo, Ltd.",,,,False
audi,gTLD,,AUDI Aktiengesellschaft,,,,False
audible,gTLD,,"Amazon Registry Services, Inc.",,,,False
audio,gTLD,,"Uniregistry, Corp.",,,,False
auspost,gTLD,,Australian Postal Corporation,,,,False
author,gTLD,,"Amazon Registry Services, Inc.",,,,False
auto,gTLD,,XYZ.COM LLC,,,,False
autos,gTLD,,"DERAutos, LLC",,,,False
avianca,gTLD,,Avianca Holdings S.A.,,,,False
aw,ccTLD,,SETAR,,,,False
aws,gTLD,,"Amazon Registry Services, Inc.",,,,False
ax,ccTLD,,Ålands landskapsregering,,,,False
axa,gTLD,,AXA SA,,,,False
az,ccTLD,,IntraNS,,,,False
azure,gTLD,,Microsoft Corporation,,,,False
ba,ccTLD,,Universtiy Telinformatic Centre (UTIC),,,,False
baby,gTLD,,XYZ.COM LLC,,,,False
baidu,gTLD,,"Baidu, Inc.",,,,False
banamex,gTLD,,Citigroup Inc.,,,,False
bananarepublic,gTLD,,"The Gap, Inc.",,,,False
band,gTLD,,"United TLD Holdco, Ltd",,,,False
bank,gTLD,,"fTLD Registry Services, LLC",,,,False
bar,gTLD,,Punto 2012 Sociedad Anonima Promotora de Inversion de Capital Variable,,,,False
barcelona,gTLD,,Municipi de Barcelona,,,,False
barclaycard,gTLD,,Barclays Bank PLC,,,,False
barclays,gTLD,,Barclays Bank PLC,,,,False
barefoot,gTLD,,"Gallo Vineyards, Inc.",,,,False
bargains,gTLD,,"Binky Moon, LLC",,,,False
baseball,gTLD,,"MLB Advanced Media DH, LLC",,,,False
basketball,gTLD,,Fédération Internationale de Basketball (FIBA),,,,False
bauhaus,gTLD,,Werkhaus GmbH,,,,False
bayern,gTLD,,Bayern Connect GmbH,,,,False
bb,ccTLD,,Government of Barbados Ministry of Economic Affairs and Development Telecommunications Unit,,,,False
bbc,gTLD,,British Broadcasting Corporation,,,,False
bbt,gTLD,,BB&T Corporation,,,,False
bbva,gTLD,,"BANCO BILBAO VIZCAYA ARGENTARIA, S.A.",,,,False
bcg,gTLD,,"The Boston Consulting Group, Inc.",,,,False
bcn,gTLD,,Municipi de Barcelona,,,,False
bd,ccTLD,,Posts and Telecommunications Division,,,,False
be,ccTLD,,DNS Belgium vzw/asbl,,,,False
beats,gTLD,,"Beats Electronics, LLC",,,,False
beauty,gTLD,,XYZ.COM LLC,,,,False
beer,gTLD,,Minds + Machines Group Limited,,,,False
bentley,gTLD,,Bentley Motors Limited,,,,False
berlin,gTLD,,dotBERLIN GmbH & Co. KG,,,,False
best,gTLD,,BestTLD Pty Ltd,,,,False
bestbuy,gTLD,,"BBY Solutions, Inc.",,,,False
bet,gTLD,,Afilias Limited,,,,False
bf,ccTLD,,ARCE-AutoritÈ de RÈgulation des Communications Electroniques,,,,False
bg,ccTLD,,Register.BG,,,,False
bh,ccTLD,,Telecommunications Regulatory Authority (TRA),,,,False
bharti,gTLD,,Bharti Enterprises (Holding) Private Limited,,,,False
bi,ccTLD,,Centre National de l'Informatique,,,,False
bible,gTLD,,American Bible Society,,,,False
bid,gTLD,,dot Bid Limited,,,,False
bike,gTLD,,"Binky Moon, LLC",,,,False
bing,gTLD,,Microsoft Corporation,,,,False
bingo,gTLD,,"Binky Moon, LLC",,,,False
bio,gTLD,,Afilias Limited,,,,False
biz,grTLD,,"Registry Services, LLC",,,,False
bj,ccTLD,,Autorité de Régulation des Communications Electroniques et de la Poste du Bénin (ARCEP BENIN),,,,False
bl,ccTLD,,Not assigned,,,,False
black,gTLD,,Afilias Limited,,,,False
blackfriday,gTLD,,"Uniregistry, Corp.",,,,False
blanco,gTLD,,Not assigned,,,,False
blockbuster,gTLD,,Dish DBS Corporation,,,,False
blog,gTLD,,"Knock Knock WHOIS There, LLC",,,,False
bloomberg,gTLD,,Bloomberg IP Holdings LLC,,,,False
blue,gTLD,,Afilias Limited,,,,False
bm,ccTLD,,"Registry General Department, Ministry of Home Affairs",,,,False
bms,gTLD,,Bristol-Myers Squibb Company,,,,False
bmw,gTLD,,Bayerische Motoren Werke Aktiengesellschaft,,,,False
bn,ccTLD,,Authority for Info-communications Technology Industry of Brunei Darussalam (AITI),,,,False
bnl,gTLD,,Not assigned,,,,False
bnpparibas,gTLD,,BNP Paribas,,,,False
bo,ccTLD,,Agencia para el Desarrollo de la Información de la Sociedad en Bolivia,,,,False
boats,gTLD,,"DERBoats, LLC",,,,False
boehringer,gTLD,,Boehringer Ingelheim International GmbH,,,,False
bofa,gTLD,,Bank of America Corporation,,,,False
bom,gTLD,,Núcleo de Informação e Coordenação do Ponto BR - NIC.br,,good,,False
bond,gTLD,,Shortdot SA,,,,False
boo,gTLD,,Charleston Road Registry Inc.,,,,False
book,gTLD,,"Amazon Registry Services, Inc.",,,,False
booking,gTLD,,Booking.com B.V.,,,,False
boots,gTLD,,Not assigned,,,,False
bosch,gTLD,,Robert Bosch GMBH,,,,False
bostik,gTLD,,Bostik SA,,,,False
boston,gTLD,,"Boston TLD Management, LLC",,,,False
bot,gTLD,,"Amazon Registry Services, Inc.",,,,False
boutique,gTLD,,"Binky Moon, LLC",,,,False
box,gTLD,,Intercap Registry Inc.,,,,False
bq,ccTLD,,Not assigned,,,,False
br,ccTLD,,Comite Gestor da Internet no Brasil,,,,False
bradesco,gTLD,,Banco Bradesco S.A.,,,,False
bridgestone,gTLD,,Bridgestone Corporation,,,,False
broadway,gTLD,,"Celebrate Broadway, Inc.",,,,False
broker,gTLD,,DOTBROKER REGISTRY LTD,,,,False
brother,gTLD,,"Brother Industries, Ltd.",,,,False
brussels,gTLD,,DNS.be vzw,,,,False
bs,ccTLD,,University of The Bahamas,,,,False
bt,ccTLD,,Ministry of Information and Communications,,,,False
budapest,gTLD,,Minds + Machines Group Limited,,,,False
bugatti,gTLD,,Bugatti International SA,,,,False
build,gTLD,,Plan Bee LLC,,,,False
builders,gTLD,,"Binky Moon, LLC",,,,False
business,gTLD,,"Binky Moon, LLC",,,,False
buy,gTLD,,"Amazon Registry Services, INC",,,,False
buzz,gTLD,,DOTSTRATEGY CO.,,,,False
bv,ccTLD,,Norid A/S,,,,False
bw,ccTLD,,Botswana Communications Regulatory Authority (BOCRA),,,,False
by,ccTLD,,"Reliable Software, Ltd.",,,,False
bz,ccTLD,,University of Belize,,,,False
bzh,gTLD,,Association www.bzh,,,,False
ca,ccTLD,,Canadian Internet Registration Authority (CIRA) Autorité Canadienne pour les enregistrements Internet (ACEI),,,,False
cab,gTLD,,"Binky Moon, LLC",,,,False
cafe,gTLD,,"Binky Moon, LLC",,café,,False
cal,gTLD,,Charleston Road Registry Inc.,,,,False
call,gTLD,,"Amazon Registry Services, Inc.",,,,False
calvinklein,gTLD,,PVH gTLD Holdings LLC,,,,False
cam,gTLD,,AC Webconnecting Holding B.V.,,,,False
camera,gTLD,,"Binky Moon, LLC",,,,False
camp,gTLD,,"Binky Moon, LLC",,,,False
cancerresearch,gTLD,,Australian Cancer Research Foundation,,,,False
canon,gTLD,,Canon Inc.,,,,False
capetown,gTLD,,ZA Central Registry NPC trading as ZA Central Registry,,,,False
capital,gTLD,,"Binky Moon, LLC",,,,False
capitalone,gTLD,,Capital One Financial Corporation,,,,False
car,gTLD,,XYZ.COM LLC,,,,False
caravan,gTLD,,"Caravan International, Inc.",,,,False
cards,gTLD,,"Binky Moon, LLC",,,,False
care,gTLD,,"Binky Moon, LLC",,,,False
career,gTLD,,dotCareer LLC,,,,False
careers,gTLD,,"Binky Moon, LLC",,,,False
cars,gTLD,,XYZ.COM LLC,,,,False
cartier,gTLD,,Not assigned,,,,False
casa,gTLD,,Minds + Machines Group Limited,,house,,False
case,gTLD,,CNH Industrial N.V.,,,,False
caseih,gTLD,,CNH Industrial N.V.,,,,False
cash,gTLD,,"Binky Moon, LLC",,,,False
casino,gTLD,,"Binky Moon, LLC",,,,False
cat,sTLD,,Fundacio puntCAT,,,,False
catering,gTLD,,"Binky Moon, LLC",,,,False
catholic,gTLD,,Pontificium Consilium de Comunicationibus Socialibus (PCCS) (Pontifical Council for Social Communication),,,,False
cba,gTLD,,COMMONWEALTH BANK OF AUSTRALIA,,,,False
cbn,gTLD,,"The Christian Broadcasting Network, Inc.",,,,False
cbre,gTLD,,"CBRE, Inc.",,,,False
cbs,gTLD,,CBS Domains Inc.,,,,False
cc,ccTLD,,eNIC Cocos (Keeling) Islands Pty. Ltd. d/b/a Island Internet Services,,,,False
cd,ccTLD,,Office Congolais des Postes et Télécommunications - OCPT,,,,False
ceb,gTLD,,The Corporate Executive Board Company,,,,False
center,gTLD,,"Binky Moon, LLC",,,,False
ceo,gTLD,,CEOTLD Pty Ltd,,,,False
cern,gTLD,,"European Organization for Nuclear Research (""CERN"")",,,,False
cf,ccTLD,,Societe Centrafricaine de Telecommunications (SOCATEL),,,,False
cfa,gTLD,,CFA Institute,,,,False
cfd,gTLD,,DOTCFD REGISTRY LTD,,,,False
cg,ccTLD,,Interpoint Switzerland,,,,False
ch,ccTLD,,SWITCH The Swiss Education & Research Network,,,,False
chanel,gTLD,,Chanel International B.V.,,,,False
channel,gTLD,,Charleston Road Registry Inc.,,,,False
charity,gTLD,,"Corn Lake, LLC",,,,False
chase,gTLD,,"JPMorgan Chase Bank, National Association",,,,False
chat,gTLD,,"Binky Moon, LLC",,,,False
cheap,gTLD,,"Binky Moon, LLC",,,,False
chintai,gTLD,,CHINTAI Corporation,,,,False
chloe,gTLD,,Not assigned,,,,False
christmas,gTLD,,"Uniregistry, Corp.",,,,False
chrome,gTLD,,Charleston Road Registry Inc.,,,,False
chrysler,gTLD,,Not assigned,,,,False
church,gTLD,,"Binky Moon, LLC",,,,False
ci,ccTLD,,Autorité de Régulation des Télécommunications/TIC de Côte d’lvoire (ARTCI),,,,False
cipriani,gTLD,,Hotel Cipriani Srl,,,,False
circle,gTLD,,"Amazon Registry Services, Inc.",,,,False
cisco,gTLD,,"Cisco Technology, Inc.",,,,False
citadel,gTLD,,Citadel Domain LLC,,,,False
citi,gTLD,,Citigroup Inc.,,,,False
citic,gTLD,,CITIC Group Corporation,,,,False
city,gTLD,,"Binky Moon, LLC",,,,False
cityeats,gTLD,,"Lifestyle Domain Holdings, Inc.",,,,False
ck,ccTLD,,Telecom Cook Islands Ltd.,,,,False
cl,ccTLD,,NIC Chile (University of Chile),,,,False
claims,gTLD,,"Binky Moon, LLC",,,,False
cleaning,gTLD,,"Binky Moon, LLC",,,,False
click,gTLD,,"Uniregistry, Corp.",,,,False
clinic,gTLD,,"Binky Moon, LLC",,,,False
clinique,gTLD,,The Estée Lauder Companies Inc.,,,,False
clothing,gTLD,,"Binky Moon, LLC",,,,False
cloud,gTLD,,ARUBA PEC S.p.A.,,,,False
club,gTLD,,".CLUB DOMAINS, LLC",,,,False
clubmed,gTLD,,Club Méditerranée S.A.,,,,False
cm,ccTLD,,Cameroon Telecommunications (CAMTEL),,,,False
cn,ccTLD,,China Internet Network Information Center (CNNIC),,,,False
co,ccTLD,,Ministry of Information and Communications Technologies (MinTIC),,,,False
coach,gTLD,,"Binky Moon, LLC",,,,False
codes,gTLD,,"Binky Moon, LLC",,,,False
coffee,gTLD,,"Binky Moon, LLC",,,,False
college,gTLD,,XYZ.COM LLC,,,,False
cologne,gTLD,,dotKoeln GmbH,,,,False
com,gTLD,,VeriSign Global Registry Services,,,,False
comcast,gTLD,,"Comcast IP Holdings I, LLC",,,,False
commbank,gTLD,,COMMONWEALTH BANK OF AUSTRALIA,,,,False
community,gTLD,,"Binky Moon, LLC",,,,False
company,gTLD,,"Binky Moon, LLC",,,,False
compare,gTLD,,"Registry Services, LLC",,,,False
computer,gTLD,,"Binky Moon, LLC",,,,False
comsec,gTLD,,"VeriSign, Inc.",,,,False
condos,gTLD,,"Binky Moon, LLC",,,,False
construction,gTLD,,"Binky Moon, LLC",,,,False
consulting,gTLD,,"United TLD Holdco, LTD.",,,,False
contact,gTLD,,"Dog Beach, LLC",,,,False
contractors,gTLD,,"Binky Moon, LLC",,,,False
cooking,gTLD,,Minds + Machines Group Limited,,,,False
cookingchannel,gTLD,,"Lifestyle Domain Holdings, Inc.",,,,False
cool,gTLD,,"Binky Moon, LLC",,,,False
coop,sTLD,,DotCooperation LLC,,,,False
corsica,gTLD,,Collectivité de Corse,,,,False
country,gTLD,,Top Level Domain Holdings Limited,,,,False
coupon,gTLD,,"Amazon Registry Services, Inc.",,,,False
coupons,gTLD,,"Binky Moon, LLC",,,,False
courses,gTLD,,OPEN UNIVERSITIES AUSTRALIA PTY LTD,,,,False
cpa,gTLD,,American Institute of Certified Public Accountants,,,,False
cr,ccTLD,,National Academy of Sciences Academia Nacional de Ciencias,,,,False
credit,gTLD,,"Binky Moon, LLC",,,,False
creditcard,gTLD,,"Binky Moon, LLC",,,,False
creditunion,gTLD,,"CUNA Performance Resources, LLC",,,,False
cricket,gTLD,,dot Cricket Limited,,,,False
crown,gTLD,,Crown Equipment Corporation,,,,False
crs,gTLD,,Federated Co-operatives Limited,,,,False
cruise,gTLD,,Viking River Cruises (Bermuda) Ltd.,,,,False
cruises,gTLD,,"Binky Moon, LLC",,,,False
csc,gTLD,,"Alliance-One Services, Inc.",,,,False
cu,ccTLD,,CENIAInternet Industria y San Jose Capitolio Nacional,,,,False
cuisinella,gTLD,,SALM S.A.S.,,,,False
cv,ccTLD,,Agência Reguladora Multissectorial da Economia (ARME),,,,False
cw,ccTLD,,University of Curacao,,,,False
cx,ccTLD,,Christmas Island Domain Administration Limited,,,,False
cy,ccTLD,,University of Cyprus,,,,False
cymru,gTLD,,Nominet UK,,,,False
cyou,gTLD,,Shortdot SA,,,,False
cz,ccTLD,,"CZ.NIC, z.s.p.o",,,,False
dabur,gTLD,,Dabur India Limited,,,,False
dad,gTLD,,Charleston Road Registry Inc.,,,,False
dance,gTLD,,United TLD Holdco Ltd.,,,,False
data,gTLD,,Dish DBS Corporation,,,,False
date,gTLD,,dot Date Limited,,,,False
dating,gTLD,,"Binky Moon, LLC",,,,False
datsun,gTLD,,"NISSAN MOTOR CO., LTD.",,,,False
day,gTLD,,Charleston Road Registry Inc.,,,,False
dclk,gTLD,,Charleston Road Registry Inc.,,,,False
dds,gTLD,,Minds + Machines Group Limited,,,,False
de,ccTLD,,DENIC eG,,,,False
deal,gTLD,,"Amazon Registry Services, Inc.",,,,False
dealer,gTLD,,Intercap Registry Inc.,,,,False
deals,gTLD,,"Binky Moon, LLC",,,,False
degree,gTLD,,"United TLD Holdco, Ltd",,,,False
delivery,gTLD,,"Binky Moon, LLC",,,,False
dell,gTLD,,Dell Inc.,,,,False
deloitte,gTLD,,Deloitte Touche Tohmatsu,,,,False
delta,gTLD,,"Delta Air Lines, Inc.",,,,False
democrat,gTLD,,United TLD Holdco Ltd.,,,,False
dental,gTLD,,"Binky Moon, LLC",,,,False
dentist,gTLD,,"United TLD Holdco, Ltd",,,,False
desi,gTLD,,Desi Networks LLC,,hindi for the peoples and cultures of south asia see also desi,,False
design,gTLD,,"Top Level Design, LLC",,,,False
dev,gTLD,,Charleston Road Registry Inc.,,,,False
dhl,gTLD,,Deutsche Post AG,,,,False
diamonds,gTLD,,"Binky Moon, LLC",,,,False
diet,gTLD,,"Uniregistry, Corp.",,,,False
digital,gTLD,,"Binky Moon, LLC",,,,False
direct,gTLD,,"Binky Moon, LLC",,,,False
directory,gTLD,,"Binky Moon, LLC",,,,False
discount,gTLD,,"Binky Moon, LLC",,,,False
discover,gTLD,,Discover Financial Services,,,,False
dish,gTLD,,Dish DBS Corporation,,,,False
diy,gTLD,,"Lifestyle Domain Holdings, Inc.",,,,False
dj,ccTLD,,Djibouti Telecom S.A,,,,False
dk,ccTLD,,Dansk Internet Forum,,,,False
dm,ccTLD,,DotDM Corporation,,,,False
dnp,gTLD,,"Dai Nippon Printing Co., Ltd.",,,,False
do,ccTLD,,Pontificia Universidad Catolica Madre y Maestra Recinto Santo Tomas de Aquino,,,,False
docs,gTLD,,Charleston Road Registry Inc.,,,,False
doctor,gTLD,,"Binky Moon, LLC",,,,False
dodge,gTLD,,Not assigned,,,,False
dog,gTLD,,"Binky Moon, LLC",,,,False
doha,gTLD,,Not assigned,,,,False
domains,gTLD,,"Binky Moon, LLC",,,,False
doosan,gTLD,,Retired,,,,False
dot,gTLD,,Dish DBS Corporation,,,,False
download,gTLD,,dot Support Limited,,,,False
drive,gTLD,,Charleston Road Registry Inc.,,,,False
dtv,gTLD,,Dish DBS Corporation,,,,False
dubai,gTLD,,Dubai Smart Government Department,,,,False
duck,gTLD,,"Johnson Shareholdings, Inc.",,,,False
dunlop,gTLD,,The Goodyear Tire & Rubber Company,,,,False
duns,gTLD,,Not assigned,,,,False
dupont,gTLD,,E. I. du Pont de Nemours and Company,,,,False
durban,gTLD,,ZA Central Registry NPC trading as ZA Central Registry,,,,False
dvag,gTLD,,Deutsche Vermögensberatung Aktiengesellschaft DVAG,,,,False
dvr,gTLD,,Hughes Satellite Systems Corporation,,,,False
dz,ccTLD,,CERIST,,,,False
earth,gTLD,,"Interlink Co., Ltd.",,,,False
eat,gTLD,,Charleston Road Registry Inc.,,,,False
ec,ccTLD,,ECUADORDOMAIN S.A.,,,,False
eco,gTLD,,Big Room Inc.,,,,False
edeka,gTLD,,EDEKA Verband kaufmännischer Genossenschaften e.V.,,,,False
edu,sTLD,,EDUCAUSE,,,,False
education,gTLD,,"Binky Moon, LLC",,,,False
ee,ccTLD,,Eesti Interneti Sihtasutus (EIS),,,,False
eg,ccTLD,,Egyptian Universities Network (EUN) Supreme Council of Universities,,,,False
eh,ccTLD,,Not assigned,,,,False
email,gTLD,,"Binky Moon, LLC",,,,False
emerck,gTLD,,Merck KGaA,,,,False
energy,gTLD,,"Binky Moon, LLC",,,,False
engineer,gTLD,,United TLD Holdco Ltd.,,,,False
engineering,gTLD,,"Binky Moon, LLC",,,,False
enterprises,gTLD,,"Binky Moon, LLC",,,,False
epost,gTLD,,Not assigned,,e-mail,,False
epson,gTLD,,Seiko Epson Corporation,,,,False
equipment,gTLD,,"Binky Moon, LLC",,,,False
er,ccTLD,,Eritrea Telecommunication Services Corporation (EriTel),,,,False
ericsson,gTLD,,Telefonaktiebolaget L M Ericsson,,,,False
erni,gTLD,,ERNI Group Holding AG,,,,False
es,ccTLD,,Red.es,,,,False
esq,gTLD,,Charleston Road Registry Inc.,,,,False
estate,gTLD,,"Binky Moon, LLC",,,,False
esurance,gTLD,,Not assigned,,,,False
et,ccTLD,,Ethio telecom,,,,False
etisalat,gTLD,,Emirates Telecommunications Corporation (trading as Etisalat),,,,False
eu,ccTLD,,EURid vzw/asbl,,,,False
eurovision,gTLD,,European Broadcasting Union (EBU),,,,False
eus,gTLD,,Puntueus Fundazioa,,,,False
events,gTLD,,"Binky Moon, LLC",,,,False
everbank,gTLD,,Not assigned,,,,False
exchange,gTLD,,"Binky Moon, LLC",,,,False
expert,gTLD,,"Binky Moon, LLC",,,,False
exposed,gTLD,,"Binky Moon, LLC",,,,False
express,gTLD,,"Binky Moon, LLC",,,,False
extraspace,gTLD,,Extra Space Storage LLC,,,,False
fage,gTLD,,Fage International S.A.,,,,False
fail,gTLD,,"Binky Moon, LLC",,,,False
fairwinds,gTLD,,"FairWinds Partners, LLC",,,,False
faith,gTLD,,dot Faith Limited,,,,False
family,gTLD,,United TLD Holdco Ltd.,,,,False
fan,gTLD,,Asiamix Digital Ltd,,,,False
fans,gTLD,,ZDNS International Limited,,,,False
farm,gTLD,,"Binky Moon, LLC",,,,False
farmers,gTLD,,Farmers Insurance Exchange,,,,False
fashion,gTLD,,Minds + Machines Group Limited,,,,False
fast,gTLD,,"Amazon Registry Services, Inc.",,,,False
fedex,gTLD,,Federal Express Corporation,,,,False
feedback,gTLD,,"Top Level Spectrum, Inc.",,,,False
ferrari,gTLD,,Fiat Chrysler Automobiles N.V.,,,,False
ferrero,gTLD,,Ferrero Trading Lux S.A.,,,,False
fi,ccTLD,,Finnish Transport and Communications Agency Traficom,,,,False
fiat,gTLD,,Fiat Chrysler Automobiles N.V.,,,,False
fidelity,gTLD,,Fidelity Brokerage Services LLC,,,,False
fido,gTLD,,Rogers Communications Canada Inc.,,,,False
film,gTLD,,Motion Picture Domain Registry Pty Ltd,,,,False
final,gTLD,,Núcleo de Informação e Coordenação do Ponto BR - NIC.br,,,,False
finance,gTLD,,"Binky Moon, LLC",,,,False
financial,gTLD,,"Binky Moon, LLC",,,,False
fire,gTLD,,"Amazon Registry Services, Inc.",,,,False
firestone,gTLD,,"Bridgestone Licensing Services, Inc.",,,,False
firmdale,gTLD,,Firmdale Holdings Limited,,,,False
fish,gTLD,,"Binky Moon, LLC",,,,False
fishing,gTLD,,Minds + Machines Group Limited,,,,False
fit,gTLD,,Minds + Machines Group Limited,,,,False
fitness,gTLD,,"Binky Moon, LLC",,,,False
fj,ccTLD,,The University of the South Pacific IT Services,,,,False
fk,ccTLD,,Falkland Islands Government,,,,False
flickr,gTLD,,"Flickr, Inc.",,,,False
flights,gTLD,,"Binky Moon, LLC",,,,False
flir,gTLD,,"FLIR Systems, Inc.",,,,False
florist,gTLD,,"Binky Moon, LLC",,,,False
flowers,gTLD,,"Uniregistry, Corp.",,,,False
flsmidth,gTLD,,Retired,,,,False
fly,gTLD,,Charleston Road Registry Inc.,,,,False
fm,ccTLD,,FSM Telecommunications Corporation,,,,False
fo,ccTLD,,FO Council,,,,False
foo,gTLD,,Charleston Road Registry Inc.,,,,False
food,gTLD,,"Lifestyle Domain Holdings, Inc.",,,,False
foodnetwork,gTLD,,"Lifestyle Domain Holdings, Inc.",,,,False
football,gTLD,,"Binky Moon, LLC",,,,False
ford,gTLD,,Ford Motor Company,,,,False
forex,gTLD,,DOTFOREX REGISTRY LTD,,,,False
forsale,gTLD,,"United TLD Holdco, LLC",,,,False
forum,gTLD,,"Fegistry, LLC",,,,False
foundation,gTLD,,"Binky Moon, LLC",,,,False
fox,gTLD,,"FOX Registry, LLC",,,,False
fr,ccTLD,,Association Française pour le Nommage Internet en Coopération (A.F.N.I.C.),,,,False
free,gTLD,,"Amazon Registry Services, Inc.",,,,False
fresenius,gTLD,,Fresenius Immobilien-Verwaltungs-GmbH,,,,False
frl,gTLD,,FRLregistry B.V.,,,,False
frogans,gTLD,,OP3FT,,,,False
frontdoor,gTLD,,"Lifestyle Domain Holdings, Inc.",,,,False
frontier,gTLD,,Frontier Communications Corporation,,,,False
ftr,gTLD,,Frontier Communications Corporation,,,,False
fujitsu,gTLD,,Fujitsu Limited,,,,False
fujixerox,gTLD,,Xerox DNHC LLC,,,,False
fun,gTLD,,"DotSpace, Inc.",,,,False
fund,gTLD,,"Binky Moon, LLC",,,,False
furniture,gTLD,,"Binky Moon, LLC",,,,False
futbol,gTLD,,"United TLD Holdco, Ltd.",,soccer,,False
fyi,gTLD,,"Binky Moon, LLC",,,,False
ga,ccTLD,,Agence Nationale des Infrastructures Numériques et des Fréquences (ANINF),,,,False
gal,gTLD,,Asociación puntoGAL,,,,False
gallery,gTLD,,"Binky Moon, LLC",,,,False
gallo,gTLD,,"Gallo Vineyards, Inc.",,,,False
gallup,gTLD,,"Gallup, Inc.",,,,False
game,gTLD,,"Uniregistry, Corp.",,,,False
games,gTLD,,United TLD Holdco Ltd.,,,,False
gap,gTLD,,"The Gap, Inc.",,,,False
garden,gTLD,,Minds + Machines Group Limited,,,,False
gay,gTLD,,"Top Level Design, LLC",,,,False
gb,ccTLD,,Reserved Domain - IANA,,,,False
gbiz,gTLD,,Charleston Road Registry Inc.,,,,False
gd,ccTLD,,The National Telecommunications Regulatory Commission (NTRC),,,,False
gdn,gTLD,,"Joint Stock Company ""Navigation-information systems""",,,,False
ge,ccTLD,,Caucasus Online LLC,,,,False
gea,gTLD,,GEA Group Aktiengesellschaft,,,,False
gent,gTLD,,Combell nv,,,,False
genting,gTLD,,Resorts World Inc. Pte. Ltd.,,,,False
george,gTLD,,"Wal-Mart Stores, Inc.",,,,False
gf,ccTLD,,Net Plus,,,,False
gg,ccTLD,,Island Networks Ltd.,,,,False
ggee,gTLD,,"GMO Internet, Inc.",,,,False
gh,ccTLD,,Network Computer Systems Limited,,,,False
gi,ccTLD,,Sapphire Networks,,,,False
gift,gTLD,,"Uniregistry, Corp.",,,,False
gifts,gTLD,,"Binky Moon, LLC",,,,False
gives,gTLD,,United TLD Holdco Ltd.,,,,False
giving,gTLD,,Giving Limited,,,,False
gl,ccTLD,,TELE Greenland A/S,,,,False
glade,gTLD,,"Johnson Shareholdings, Inc.",,,,False
glass,gTLD,,"Binky Moon, LLC",,,,False
gle,gTLD,,Charleston Road Registry Inc.,,,,False
global,gTLD,,Dot Global Domain Registry Limited,,,,False
globo,gTLD,,Globo Comunicação e Participações S.A,,,,False
gm,ccTLD,,GM-NIC,,,,False
gmail,gTLD,,Charleston Road Registry Inc.,,,,False
gmbh,gTLD,,"Binky Moon, LLC",,company,,False
gmo,gTLD,,"GMO Internet, Inc.",,,,False
gmx,gTLD,,1&1 Mail & Media GmbH,,,,False
gn,ccTLD,,Centre National des Sciences Halieutiques de Boussoura,,,,False
godaddy,gTLD,,"Go Daddy East, LLC",,,,False
gold,gTLD,,"Binky Moon, LLC",,,,False
goldpoint,gTLD,,"YODOBASHI CAMERA CO.,LTD.",,,,False
golf,gTLD,,"Binky Moon, LLC",,,,False
goo,gTLD,,NTT Resonant Inc.,,,,False
goodhands,gTLD,,Not assigned,,,,False
goodyear,gTLD,,The Goodyear Tire & Rubber Company,,,,False
goog,gTLD,,Charleston Road Registry Inc.,,,,False
google,gTLD,,Charleston Road Registry Inc.,,,,False
gop,gTLD,,"Republican State Leadership Committee, Inc.",,,,False
got,gTLD,,"Amazon Registry Services, Inc.",,,,False
gov,sTLD,,"General Services Administration Attn: QTDC, 2E08 (.gov Domain Registration)",,,,False
gp,ccTLD,,Networking Technologies Group,,,,False
gq,ccTLD,,GETESA,,,,False
gr,ccTLD,,ICS-FORTH GR,,,,False
grainger,gTLD,,"Grainger Registry Services, LLC",,,,False
graphics,gTLD,,"Binky Moon, LLC",,,,False
gratis,gTLD,,"Binky Moon, LLC",,free,,False
green,gTLD,,Afilias Limited,,,,False
gripe,gTLD,,"Binky Moon, LLC",,,,False
grocery,gTLD,,"Wal-Mart Stores, Inc.",,,,False
group,gTLD,,"Binky Moon, LLC",,,,False
gs,ccTLD,,Government of South Georgia and South Sandwich Islands (GSGSSI),,,,False
gt,ccTLD,,Universidad del Valle de Guatemala,,,,False
gu,ccTLD,,University of Guam,,,,False
guardian,gTLD,,The Guardian Life Insurance Company of America,,,,False
gucci,gTLD,,Guccio Gucci S.p.a.,,,,False
guge,gTLD,,Charleston Road Registry Inc.,,,,False
guide,gTLD,,"Binky Moon, LLC",,,,False
guitars,gTLD,,"Uniregistry, Corp.",,,,False
guru,gTLD,,"Binky Moon, LLC",,,,False
gw,ccTLD,,Autoridade Reguladora Nacional - Tecnologias de Informação e Comunicação da Guiné-Bissau,,,,False
gy,ccTLD,,University of Guyana,,,,False
hair,gTLD,,XYZ.COM LLC,,,,False
hamburg,gTLD,,Hamburg Top-Level-Domain GmbH,,,,False
hangout,gTLD,,Charleston Road Registry Inc.,,,,False
haus,gTLD,,"United TLD Holdco, LTD.",,house,,False
hbo,gTLD,,"HBO Registry Services, Inc.",,,,False
hdfc,gTLD,,HOUSING DEVELOPMENT FINANCE CORPORATION LIMITED,,,,False
hdfcbank,gTLD,,HDFC Bank Limited,,,,False
health,gTLD,,"DotHealth, LLC",,,,False
healthcare,gTLD,,"Binky Moon, LLC",,,,False
help,gTLD,,"Uniregistry, Corp.",,,,False
helsinki,gTLD,,City of Helsinki,,,,False
here,gTLD,,Charleston Road Registry Inc.,,,,False
hermes,gTLD,,Hermes International,,,,False
hgtv,gTLD,,"Lifestyle Domain Holdings, Inc.",,,,False
hiphop,gTLD,,"Uniregistry, Corp.",,,,False
hisamitsu,gTLD,,"Hisamitsu Pharmaceutical Co.,Inc.",,,,False
hitachi,gTLD,,"Hitachi, Ltd.",,,,False
hiv,gTLD,,"Uniregistry, Corp.",,,,False
hk,ccTLD,,Hong Kong Internet Registration Corporation Ltd.,,,,False
hkt,gTLD,,PCCW-HKT DataCom Services Limited,,,,False
hm,ccTLD,,HM Domain Registry,,,,False
hn,ccTLD,,Red de Desarrollo Sostenible Honduras,,,,False
hockey,gTLD,,"Binky Moon, LLC",,,,False
holdings,gTLD,,"Binky Moon, LLC",,,,False
holiday,gTLD,,"Binky Moon, LLC",,,,False
homedepot,gTLD,,"Home Depot Product Authority, LLC",,,,False
homegoods,gTLD,,"The TJX Companies, Inc.",,,,False
homes,gTLD,,"DERHomes, LLC",,,,False
homesense,gTLD,,"The TJX Companies, Inc.",,,,False
honda,gTLD,,"Honda Motor Co., Ltd.",,,,False
honeywell,gTLD,,Not assigned,,,,False
horse,gTLD,,Minds + Machines Group Limited,,,,False
hospital,gTLD,,"Binky Moon, LLC",,,,False
host,gTLD,,DotHost Inc.,,,,False
hosting,gTLD,,"Uniregistry, Corp.",,,,False
hot,gTLD,,"Amazon Registry Services, Inc.",,,,False
hoteles,gTLD,,Travel Reservations SRL,,hotels,,False
hotels,gTLD,,Booking.com B.V.,,,,False
hotmail,gTLD,,Microsoft Corporation,,,,False
house,gTLD,,"Binky Moon, LLC",,,,False
how,gTLD,,Charleston Road Registry Inc.,,,,False
hr,ccTLD,,CARNet - Croatian Academic and Research Network,,,,False
hsbc,gTLD,,HSBC Global Services (UK) Limited,,,,False
ht,ccTLD,,Consortium FDS/RDDH,,,,False
htc,gTLD,,Not assigned,,,,False
hu,ccTLD,,Council of Hungarian Internet Providers (CHIP),,,,False
hughes,gTLD,,Hughes Satellite Systems Corporation,,,,False
hyatt,gTLD,,"Hyatt GTLD, L.L.C.",,,,False
hyundai,gTLD,,Hyundai Motor Company,,,,False
ibm,gTLD,,International Business Machines Corporation,,,,False
icbc,gTLD,,Industrial and Commercial Bank of China Limited,,,,False
ice,gTLD,,"IntercontinentalExchange, Inc.",,,,False
icu,gTLD,,Shortdot SA,,,,False
id,ccTLD,,Perkumpulan Pengelola Nama Domain Internet Indonesia (PANDI),,,,False
ie,ccTLD,,University College Dublin Computing Services Computer Centre,,,,False
ieee,gTLD,,IEEE Global LLC,,,,False
ifm,gTLD,,ifm electronic gmbh,,,,False
iinet,gTLD,,Retired,,,,False
ikano,gTLD,,Ikano S.A.,,,,False
il,ccTLD,,Internet Society of Israel,,,,False
im,ccTLD,,Isle of Man Government,,,,False
imamat,gTLD,,Fondation Aga Khan (Aga Khan Foundation),,,,False
imdb,gTLD,,"Amazon Registry Services, Inc.",,,,False
immo,gTLD,,"Binky Moon, LLC",,real estate,,False
immobilien,gTLD,,United TLD Holdco Ltd.,,real estate,,False
in,ccTLD,,National Internet Exchange of India,,,,False
inc,gTLD,,Intercap Registry Inc.,,,,False
industries,gTLD,,"Binky Moon, LLC",,,,False
infiniti,gTLD,,"NISSAN MOTOR CO., LTD.",,,,False
info,gTLD,,Afilias Limited,,,,False
ing,gTLD,,Charleston Road Registry Inc.,,,,False
ink,gTLD,,"Top Level Design, LLC",,,,False
institute,gTLD,,"Binky Moon, LLC",,,,False
insurance,gTLD,,fTLD Registry Services LLC,,,,False
insure,gTLD,,"Binky Moon, LLC",,,,False
int,sTLD,,Internet Assigned Numbers Authority,,,,False
intel,gTLD,,Not assigned,,,,False
international,gTLD,,"Binky Moon, LLC",,,,False
intuit,gTLD,,"Intuit Administrative Services, Inc.",,,,False
investments,gTLD,,"Binky Moon, LLC",,,,False
io,ccTLD,,Internet Computer Bureau Limited,,,,False
ipiranga,gTLD,,Ipiranga Produtos de Petroleo S.A.,,,,False
iq,ccTLD,,Communications and Media Commission (CMC),,,,False
ir,ccTLD,,Institute for Research in Fundamental Sciences,,,,False
irish,gTLD,,"Binky Moon, LLC",,,,False
is,ccTLD,,ISNIC - Internet Iceland ltd.,,,,False
iselect,gTLD,,Not assigned,,,,False
ismaili,gTLD,,Fondation Aga Khan (Aga Khan Foundation),,,,False
ist,gTLD,,Istanbul Metropolitan Municipality,,,,False
istanbul,gTLD,,Istanbul Metropolitan Municipality,,,,False
it,ccTLD,,IIT - CNR,,,,False
itau,gTLD,,Itau Unibanco Holding S.A.,,,,False
itv,gTLD,,ITV Services Limited,,,,False
iveco,gTLD,,CNH Industrial N.V.,,,,False
iwc,gTLD,,Not assigned,,,,False
jaguar,gTLD,,Jaguar Land Rover Ltd,,,,False
java,gTLD,,Oracle Corporation,,,,False
jcb,gTLD,,"JCB Co., Ltd.",,,,False
jcp,gTLD,,"JCP Media, Inc.",,,,False
je,ccTLD,,Island Networks (Jersey) Ltd.,,,,False
jeep,gTLD,,FCA US LLC.,,,,False
jetzt,gTLD,,"Binky Moon, LLC",,now,,False
jewelry,gTLD,,"Binky Moon, LLC",,,,False
jio,gTLD,,"Affinity Names, Inc.",,,,False
jlc,gTLD,,Not assigned,,,,False
jll,gTLD,,Jones Lang LaSalle Incorporated,,,,False
jm,ccTLD,,University of West Indies,,,,False
jmp,gTLD,,Matrix IP LLC,,,,False
jnj,gTLD,,"Johnson & Johnson Services, Inc.",,,,False
jo,ccTLD,,National Information Technology Center (NITC),,,,False
jobs,sTLD,,Employ Media LLC,,,,False
joburg,gTLD,,ZA Central Registry NPC trading as ZA Central Registry,,,,False
jot,gTLD,,"Amazon Registry Services, Inc.",,,,False
joy,gTLD,,"Amazon Registry Services, Inc.",,,,False
jp,ccTLD,,"Japan Registry Services Co., Ltd.",,,,False
jpmorgan,gTLD,,"JPMorgan Chase Bank, National Association",,,,False
jprs,gTLD,,"Japan Registry Services Co., Ltd.",,,,False
juegos,gTLD,,"Uniregistry, Corp.",,games,,False
juniper,gTLD,,"JUNIPER NETWORKS, INC.",,,,False
kaufen,gTLD,,United TLD Holdco Ltd.,,buy,,False
kddi,gTLD,,KDDI CORPORATION,,,,False
ke,ccTLD,,Kenya Network Information Center (KeNIC),,,,False
kerryhotels,gTLD,,Kerry Trading Co. Limited,,,,False
kerrylogistics,gTLD,,Kerry Trading Co. Limited,,,,False
kerryproperties,gTLD,,Kerry Trading Co. Limited,,,,False
kfh,gTLD,,Kuwait Finance House,,,,False
kg,ccTLD,,AsiaInfo Telecommunication Enterprise,,,,False
kh,ccTLD,,Telecommunication Regulator of Cambodia (TRC),,,,False
ki,ccTLD,,"Ministry of Communications, Transport, and Tourism Development",,,,False
kia,gTLD,,KIA MOTORS CORPORATION,,,,False
kim,gTLD,,Afilias Limited,,,,False
kinder,gTLD,,Ferrero Trading Lux S.A.,,children,,False
kindle,gTLD,,"Amazon Registry Services, Inc.",,,,False
kitchen,gTLD,,"Binky Moon, LLC",,,,False
kiwi,gTLD,,DOT KIWI LIMITED,,,,False
km,ccTLD,,Comores Telecom,,,,False
kn,ccTLD,,"Ministry of Finance, Sustainable Development Information & Technology",,,,False
koeln,gTLD,,dotKoeln GmbH,,,,False
komatsu,gTLD,,Komatsu Ltd.,,,,False
kosher,gTLD,,Kosher Marketing Assets LLC,,,,False
kp,ccTLD,,Star Joint Venture Company,,,,False
kpmg,gTLD,,KPMG International Cooperative (KPMG International Genossenschaft),,,,False
kpn,gTLD,,Koninklijke KPN N.V.,,,,False
kr,ccTLD,,Korea Internet & Security Agency (KISA),,,,False
krd,gTLD,,KRG Department of Information Technology,,,,False
kred,gTLD,,KredTLD Pty Ltd,,,,False
kuokgroup,gTLD,,Kerry Trading Co. Limited,,,,False
kw,ccTLD,,Communications and Information Technology Regulatory Authority,,,,False
ky,ccTLD,,Utility Regulation and Competition Office (OfReg),,,,False
kyoto,gTLD,,Academic Institution: Kyoto Jyoho Gakuen,,,,False
kz,ccTLD,,Association of IT Companies of Kazakhstan,,,,False
la,ccTLD,,"Lao National Internet Committee (LANIC), Ministry of Posts and Telecommunications",,,,False
lacaixa,gTLD,,CAIXA D'ESTALVIS I PENSIONS DE BARCELONA,,,,False
ladbrokes,gTLD,,Not assigned,,,,False
lamborghini,gTLD,,Automobili Lamborghini S.p.A.,,,,False
lamer,gTLD,,The Estée Lauder Companies Inc.,,,,False
lancaster,gTLD,,LANCASTER,,,,False
lancia,gTLD,,Fiat Chrysler Automobiles N.V.,,,,False
lancome,gTLD,,Not assigned,,,,False
land,gTLD,,"Binky Moon, LLC",,,,False
landrover,gTLD,,Jaguar Land Rover Ltd,,,,False
lanxess,gTLD,,LANXESS Corporation,,,,False
lasalle,gTLD,,Jones Lang LaSalle Incorporated,,,,False
lat,gTLD,,ECOM-LAC Federación de Latinoamérica y el Caribe para Internet y el Comercio Electrónico,,,,False
latino,gTLD,,Dish DBS Corporation,,,,False
latrobe,gTLD,,La Trobe University,,,,False
law,gTLD,,LW TLD Limited,,,,False
lawyer,gTLD,,"United TLD Holdco, Ltd",,,,False
lb,ccTLD,,American University of Beirut Computing and Networking Services,,,,False
lc,ccTLD,,University of Puerto Rico,,,,False
lds,gTLD,,"IRI Domain Management, LLC",,,,False
lease,gTLD,,"Binky Moon, LLC",,,,False
leclerc,gTLD,,A.C.D. LEC Association des Centres Distributeurs Edouard Leclerc,,,,False
lefrak,gTLD,,"LeFrak Organization, Inc.",,,,False
legal,gTLD,,"Binky Moon, LLC",,,,False
lego,gTLD,,LEGO Juris A/S,,,,False
lexus,gTLD,,TOYOTA MOTOR CORPORATION,,,,False
lgbt,gTLD,,Afilias Limited,,,,False
li,ccTLD,,SWITCH The Swiss Education & Research Network,,,,False
liaison,gTLD,,Not assigned,,,,False
lidl,gTLD,,Schwarz Domains und Services GmbH & Co. KG,,,,False
life,gTLD,,"Binky Moon, LLC",,,,False
lifeinsurance,gTLD,,American Council of Life Insurers,,,,False
lifestyle,gTLD,,"Lifestyle Domain Holdings, Inc.",,,,False
lighting,gTLD,,"Binky Moon, LLC",,,,False
like,gTLD,,"Amazon Registry Services, Inc.",,,,False
lilly,gTLD,,Eli Lilly and Company,,,,False
limited,gTLD,,"Binky Moon, LLC",,,,False
limo,gTLD,,"Binky Moon, LLC",,,,False
lincoln,gTLD,,Ford Motor Company,,,,False
linde,gTLD,,Linde Aktiengesellschaft,,,,False
link,gTLD,,"Uniregistry, Corp.",,,,False
lipsy,gTLD,,Lipsy Ltd,,,,False
live,gTLD,,United TLD Holdco Ltd.,,,,False
living,gTLD,,"Lifestyle Domain Holdings, Inc.",,,,False
lixil,gTLD,,LIXIL Group Corporation,,,,False
lk,ccTLD,,Council for Information Technology LK Domain Registrar,,,,False
llc,gTLD,,Afilias Limited,,,,False
llp,gTLD,,Dot Registry LLC,,,,False
loan,gTLD,,dot Loan Limited,,,,False
loans,gTLD,,"Binky Moon, LLC",,,,False
locker,gTLD,,Dish DBS Corporation,,,,False
locus,gTLD,,Locus Analytics LLC,,,,False
loft,gTLD,,"Annco, Inc.",,,,False
lol,gTLD,,"Uniregistry, Corp.",,,,False
london,gTLD,,Dot London Domains Limited,,,,False
lotte,gTLD,,"Lotte Holdings Co., Ltd.",,,,False
lotto,gTLD,,Afilias Limited,,,,False
love,gTLD,,Merchant Law Group LLP,,,,False
lpl,gTLD,,"LPL Holdings, Inc.",,,,False
lplfinancial,gTLD,,"LPL Holdings, Inc.",,,,False
lr,ccTLD,,"Data Technology Solutions, Inc.",,,,False
ls,ccTLD,,Lesotho Network Information Centre Proprietary (LSNIC),,,,False
lt,ccTLD,,Kaunas University of Technology,,,,False
ltd,gTLD,,"Binky Moon, LLC",,,,False
ltda,gTLD,,InterNetX Corp.,,companies in south america,,False
lu,ccTLD,,RESTENA,,,,False
lundbeck,gTLD,,H. Lundbeck A/S,,,,False
lupin,gTLD,,LUPIN LIMITED,,,,False
luxe,gTLD,,Minds + Machines Group Limited,,,,False
luxury,gTLD,,Luxury Partners LLC,,,,False
lv,ccTLD,,University of Latvia Institute of Mathematics and Computer Science Department of Network Solutions (DNS),,,,False
ly,ccTLD,,General Post and Telecommunication Company,,,,False
ma,ccTLD,,Agence Nationale de Réglementation des Télécommunications (ANRT),,,,False
macys,gTLD,,"Macys, Inc.",,,,False
madrid,gTLD,,Comunidad de Madrid,,,,False
maif,gTLD,,Mutuelle Assurance Instituteur France (MAIF),,,,False
maison,gTLD,,"Binky Moon, LLC",,house,,False
makeup,gTLD,,XYZ.COM LLC,,,,False
man,gTLD,,MAN SE,,,,False
management,gTLD,,"Binky Moon, LLC",,,,False
mango,gTLD,,PUNTO FA S.L.,,,,False
map,gTLD,,Charleston Road Registry Inc.,,,,False
market,gTLD,,"United TLD Holdco, Ltd",,,,False
marketing,gTLD,,"Binky Moon, LLC",,,,False
markets,gTLD,,DOTMARKETS REGISTRY LTD,,,,False
marriott,gTLD,,Marriott Worldwide Corporation,,,,False
marshalls,gTLD,,"The TJX Companies, Inc.",,,,False
maserati,gTLD,,Fiat Chrysler Automobiles N.V.,,,,False
mattel,gTLD,,"Mattel Sites, Inc.",,,,False
mba,gTLD,,"Binky Moon, LLC",,,,False
mc,ccTLD,,Gouvernement de Monaco Direction des Communications Electroniques,,,,False
mcd,gTLD,,Not assigned,,,,False
mcdonalds,gTLD,,Not assigned,,,,False
mckinsey,gTLD,,"McKinsey Holdings, Inc.",,,,False
md,ccTLD,,MoldData S.E.,,,,False
me,ccTLD,,Government of Montenegro,,,,False
med,gTLD,,Medistry LLC,,,,False
media,gTLD,,"Binky Moon, LLC",,,,False
meet,gTLD,,Charleston Road Registry Inc.,,,,False
melbourne,gTLD,,"The Crown in right of the State of Victoria, represented by its Department of State Development, Business and Innovation",,,,False
meme,gTLD,,Charleston Road Registry Inc.,,,,False
memorial,gTLD,,"Dog Beach, LLC",,,,False
men,gTLD,,Exclusive Registry Limited,,,,False
menu,gTLD,,"Wedding TLD2, LLC",,,,False
meo,gTLD,,Not assigned,,,,False
merckmsd,gTLD,,"MSD Registry Holdings, Inc.",,,,False
metlife,gTLD,,Not assigned,,,,False
mf,ccTLD,,Not assigned,,,,False
mg,ccTLD,,NIC-MG (Network Information Center Madagascar),,,,False
mh,ccTLD,,Office of the Cabinet,,,,False
miami,gTLD,,Minds + Machines Group Limited,,,,False
microsoft,gTLD,,Microsoft Corporation,,,,False
mil,sTLD,,DoD Network Information Center,,,,False
mini,gTLD,,Bayerische Motoren Werke Aktiengesellschaft,,,,False
mint,gTLD,,"Intuit Administrative Services, Inc.",,,,False
mit,gTLD,,Massachusetts Institute of Technology,,,,False
mitsubishi,gTLD,,Mitsubishi Corporation,,,,False
mk,ccTLD,,Macedonian Academic Research Network Skopje,,,,False
ml,ccTLD,,Agence des Technologies de l’Information et de la Communication,,,,False
mlb,gTLD,,"MLB Advanced Media DH, LLC",,,,False
mls,gTLD,,The Canadian Real Estate Association,,,,False
mm,ccTLD,,Ministry of Transport and Communications,,,,False
mma,gTLD,,MMA IARD,,,,False
mn,ccTLD,,"Datacom Co., Ltd.",,,,False
mo,ccTLD,,Macao Post and Telecommunications Bureau (CTT),,,,False
mobi,gTLD,,Afilias Technologies Limited dba dotMobi,,,,False
mobile,gTLD,,Dish DBS Corporation,,,,False
mobily,gTLD,,Not assigned,,,,False
moda,gTLD,,United TLD Holdco Ltd.,,fashion,,False
moe,gTLD,,"Interlink Co., Ltd.",,geek,,False
moi,gTLD,,"Amazon Registry Services, Inc.",,,,False
mom,gTLD,,"Uniregistry, Corp.",,,,False
monash,gTLD,,Monash University,,,,False
money,gTLD,,"Binky Moon, LLC",,,,False
monster,gTLD,,XYZ.COM LLC,,,,False
montblanc,gTLD,,Not assigned,,,,False
mopar,gTLD,,Not assigned,,,,False
mormon,gTLD,,"IRI Domain Management, LLC (""Applicant"")",,,,False
mortgage,gTLD,,"United TLD Holdco, Ltd",,,,False
moscow,gTLD,,Foundation for Assistance for Internet Technologies and Infrastructure Development (FAITID),,,,False
moto,gTLD,,"Motorola Trademark Holdings, LLC",,,,False
motorcycles,gTLD,,"DERMotorcycles, LLC",,,,False
mov,gTLD,,Charleston Road Registry Inc.,,,,False
movie,gTLD,,"Binky Moon, LLC",,,,False
movistar,gTLD,,Not assigned,,,,False
mp,ccTLD,,"Saipan Datacom, Inc.",,,,False
mq,ccTLD,,MEDIASERV,,,,False
mr,ccTLD,,Université de Nouakchott Al Aasriya,,,,False
ms,ccTLD,,MNI Networks Ltd.,,,,False
msd,gTLD,,"MSD Registry Holdings, Inc.",,,,False
mt,ccTLD,,NIC (Malta),,,,False
mtn,gTLD,,MTN Dubai Limited,,,,False
mtpc,gTLD,,Retired,,,,False
mtr,gTLD,,MTR Corporation Limited,,,,False
mu,ccTLD,,Internet Direct Ltd,,,,False
museum,sTLD,,Museum Domain Management Association,,,,False
mutual,gTLD,,"Northwestern Mutual MU TLD Registry, LLC",,,,False
mutuelle,gTLD,,Retired,,,,False
mv,ccTLD,,Dhiraagu Pvt. Ltd. (DHIVEHINET),,,,False
mw,ccTLD,,Malawi Sustainable Development Network Programme (Malawi SDNP),,,,False
mx,ccTLD,,NIC-Mexico ITESM - Campus Monterrey,,,,False
my,ccTLD,,MYNIC Berhad,,,,False
mz,ccTLD,,Centro de Informatica de Universidade Eduardo Mondlane,,,,False
na,ccTLD,,Namibian Network Information Center,,,,False
nab,gTLD,,National Australia Bank Limited,,,,False
nadex,gTLD,,Not assigned,,,,False
nagoya,gTLD,,"GMO Registry, Inc.",,,,False
name,grTLD,,"VeriSign Information Services, Inc.",,,,False
nationwide,gTLD,,Nationwide Mutual Insurance Company,,,,False
natura,gTLD,,NATURA COSMÉTICOS S.A.,,,,False
navy,gTLD,,United TLD Holdco Ltd.,,,,False
nba,gTLD,,"NBA REGISTRY, LLC",,,,False
nc,ccTLD,,Office des Postes et Telecommunications,,,,False
ne,ccTLD,,SONITEL,,,,False
nec,gTLD,,NEC Corporation,,,,False
net,gTLD,,VeriSign Global Registry Services,,,,False
netbank,gTLD,,COMMONWEALTH BANK OF AUSTRALIA,,,,False
netflix,gTLD,,"Netflix, Inc.",,,,False
network,gTLD,,"Binky Moon, LLC",,,,False
neustar,gTLD,,"NeuStar, Inc.",,,,False
new,gTLD,,Charleston Road Registry Inc.,,,,False
newholland,gTLD,,CNH Industrial N.V.,,,,False
news,gTLD,,United TLD Holdco Ltd.,,,,False
next,gTLD,,Next plc,,,,False
nextdirect,gTLD,,Next plc,,,,False
nexus,gTLD,,Charleston Road Registry Inc.,,,,False
nf,ccTLD,,Norfolk Island Data Services,,,,False
nfl,gTLD,,NFL Reg Ops LLC,,,,False
ng,ccTLD,,Nigeria Internet Registration Association,,,,False
ngo,gTLD,,Public Interest Registry,,,,False
nhk,gTLD,,Japan Broadcasting Corporation (NHK),,,,False
ni,ccTLD,,Universidad Nacional del Ingernieria Centro de Computo,,,,False
nico,gTLD,,"DWANGO Co., Ltd.",,,,False
nike,gTLD,,"NIKE, Inc.",,,,False
nikon,gTLD,,NIKON CORPORATION,,,,False
ninja,gTLD,,United TLD Holdco Ltd.,,,,False
nissan,gTLD,,"NISSAN MOTOR CO., LTD.",,,,False
nissay,gTLD,,Nippon Life Insurance Company,,,,False
nl,ccTLD,,SIDN (Stichting Internet Domeinregistratie Nederland),,,,False
no,ccTLD,,Norid A/S,,,,False
nokia,gTLD,,Nokia Corporation,,,,False
northwesternmutual,gTLD,,"Northwestern Mutual Registry, LLC",,,,False
norton,gTLD,,Symantec Corporation,,,,False
now,gTLD,,"Amazon Registry Services, Inc.",,,,False
nowruz,gTLD,,Asia Green IT System Bilgisayar San. ve Tic. Ltd. Sti.,,,,False
nowtv,gTLD,,Starbucks (HK) Limited,,,,False
np,ccTLD,,Mercantile Communications Pvt. Ltd.,,,,False
nr,ccTLD,,CENPAC NET,,,,False
nra,gTLD,,"NRA Holdings Company, INC.",,,,False
nrw,gTLD,,Minds + Machines GmbH,,,,False
ntt,gTLD,,NIPPON TELEGRAPH AND TELEPHONE CORPORATION,,,,False
nu,ccTLD,,The IUSN Foundation,,,,False
nyc,gTLD,,The City of New York by and through the New York City Department of Information Technology & Telecommunications,,,,False
nz,ccTLD,,InternetNZ,,,,False
obi,gTLD,,OBI Group Holding SE & Co. KGaA,,,,False
observer,gTLD,,"Top Level Spectrum, Inc.",,,,False
off,gTLD,,"Johnson Shareholdings, Inc.",,,,False
office,gTLD,,Microsoft Corporation,,,,False
okinawa,gTLD,,"BRregistry, Inc.",,,,False
olayan,gTLD,,Crescent Holding GmbH,,,,False
olayangroup,gTLD,,Crescent Holding GmbH,,,,False
oldnavy,gTLD,,"The Gap, Inc.",,,,False
ollo,gTLD,,Dish DBS Corporation,,,,False
om,ccTLD,,Telecommunications Regulatory Authority (TRA),,,,False
omega,gTLD,,The Swatch Group Ltd,,,,False
one,gTLD,,One.com A/S,,,,False
ong,gTLD,,Public Interest Registry,,,,False
onl,gTLD,,iRegistry GmbH,,,,False
online,gTLD,,DotOnline Inc.,,,,False
onyourside,gTLD,,Nationwide Mutual Insurance Company,,,,False
ooo,gTLD,,INFIBEAM INCORPORATION LIMITED,,,,False
open,gTLD,,"American Express Travel Related Services Company, Inc.",,,,False
oracle,gTLD,,Oracle Corporation,,,,False
orange,gTLD,,Orange Brand Services Limited,,,,False
org,gTLD,,Public Interest Registry (PIR),,,,False
organic,gTLD,,Afilias Limited,,,,False
orientexpress,gTLD,,Retired,,,,False
origins,gTLD,,The Estée Lauder Companies Inc.,,,,False
osaka,gTLD,,"Osaka Registry Co., Ltd.",,,,False
otsuka,gTLD,,"Otsuka Holdings Co., Ltd.",,,,False
ott,gTLD,,Dish DBS Corporation,,,,False
ovh,gTLD,,OVH SAS,,,,False
pa,ccTLD,,Universidad Tecnologica de Panama,,,,False
page,gTLD,,Charleston Road Registry Inc.,,,,False
pamperedchef,gTLD,,Not assigned,,,,False
panasonic,gTLD,,Panasonic Corporation,,,,False
panerai,gTLD,,Not assigned,,,,False
paris,gTLD,,City of Paris,,,,False
pars,gTLD,,Asia Green IT System Bilgisayar San. ve Tic. Ltd. Sti.,,,,False
partners,gTLD,,"Binky Moon, LLC",,,,False
parts,gTLD,,"Binky Moon, LLC",,,,False
party,gTLD,,Blue Sky Registry Limited,,,,False
passagens,gTLD,,Travel Reservations SRL,,ticket,,False
pay,gTLD,,"Amazon Registry Services, Inc.",,,,False
pccw,gTLD,,PCCW Enterprises Limited,,,,False
pe,ccTLD,,Red Cientifica Peruana,,,,False
pet,gTLD,,Afilias Limited,,,,False
pf,ccTLD,,Gouvernement de la Polynésie française,,,,False
pfizer,gTLD,,Pfizer Inc.,,,,False
pg,ccTLD,,PNG DNS Administration Vice Chancellors Office The Papua New Guinea University of Technology,,,,False
ph,ccTLD,,PH Domain Foundation,,,,False
pharmacy,gTLD,,National Association of Boards of Pharmacy,,,,False
phd,gTLD,,Charleston Road Registry Inc.,,,,False
philips,gTLD,,Koninklijke Philips N.V.,,,,False
phone,gTLD,,Dish DBS Corporation,,,,False
photo,gTLD,,"Uniregistry, Corp.",,,,False
photography,gTLD,,"Binky Moon, LLC",,,,False
photos,gTLD,,"Binky Moon, LLC",,,,False
physio,gTLD,,PhysBiz Pty Ltd,,,,False
piaget,gTLD,,Not assigned,,,,False
pics,gTLD,,"Uniregistry, Corp.",,,,False
pictet,gTLD,,Pictet Europe S.A.,,,,False
pictures,gTLD,,"Binky Moon, LLC",,,,False
pid,gTLD,,"Top Level Spectrum, Inc.",,,,False
pin,gTLD,,"Amazon Registry Services, Inc.",,,,False
ping,gTLD,,"Ping Registry Provider, Inc.",,,,False
pink,gTLD,,Afilias Limited,,,,False
pioneer,gTLD,,Pioneer Corporation,,,,False
pizza,gTLD,,"Binky Moon, LLC",,,,False
pk,ccTLD,,PKNIC,,,,False
pl,ccTLD,,Research and Academic Computer Network,,,,False
place,gTLD,,"Binky Moon, LLC",,,,False
play,gTLD,,Charleston Road Registry Inc.,,,,False
playstation,gTLD,,Sony Computer Entertainment Inc.,,,,False
plumbing,gTLD,,"Binky Moon, LLC",,,,False
plus,gTLD,,"Binky Moon, LLC",,,,False
pm,ccTLD,,Association Française pour le Nommage Internet en Coopération (A.F.N.I.C.),,,,False
pn,ccTLD,,Pitcairn Island Administration,,,,False
pnc,gTLD,,"PNC Domain Co., LLC",,,,False
pohl,gTLD,,Deutsche Vermögensberatung Aktiengesellschaft DVAG,,,,False
poker,gTLD,,Afilias Limited,,,,False
politie,gTLD,,Politie Nederland,,,,False
porn,gTLD,,ICM Registry PN LLC,,,,False
post,sTLD,,Universal Postal Union,,,,False
pr,ccTLD,,Gauss Research Laboratory Inc.,,,,False
pramerica,gTLD,,"Prudential Financial, Inc.",,,,False
praxi,gTLD,,Praxi S.p.A.,,,,False
press,gTLD,,DotPress Inc.,,,,False
prime,gTLD,,"Amazon Registry Services, Inc.",,,,False
pro,grTLD,,Afilias Limited,,,,False
prod,gTLD,,Charleston Road Registry Inc.,,,,False
productions,gTLD,,"Binky Moon, LLC",,,,False
prof,gTLD,,Charleston Road Registry Inc.,,,,False
progressive,gTLD,,Progressive Casualty Insurance Company,,,,False
promo,gTLD,,Afilias Limited,,,,False
properties,gTLD,,"Binky Moon, LLC",,,,False
property,gTLD,,"Uniregistry, Corp.",,,,False
protection,gTLD,,XYZ.COM LLC,,,,False
pru,gTLD,,"Prudential Financial, Inc.",,,,False
prudential,gTLD,,"Prudential Financial, Inc.",,,,False
ps,ccTLD,,"Ministry Of Telecommunications & Information Technology, Government Computer Center.",,,,False
pt,ccTLD,,Associação DNS.PT,,,,False
pub,gTLD,,United TLD Holdco Ltd.,,,,False
pw,ccTLD,,Micronesia Investment and Development Corporation,,,,False
pwc,gTLD,,PricewaterhouseCoopers LLP,,,,False
py,ccTLD,,NIC-PY,,,,False
qa,ccTLD,,Communications Regulatory Authority,,,,False
qpon,gTLD,,"dotCOOL, Inc.",,,,False
quebec,gTLD,,PointQuébec Inc,,,,False
quest,gTLD,,XYZ.COM LLC,,,,False
qvc,gTLD,,"QVC, Inc.",,,,False
racing,gTLD,,Premier Registry Limited,,,,False
radio,gTLD,,European Broadcasting Union (EBU),,,,False
raid,gTLD,,"Johnson Shareholdings, Inc.",,,,False
re,ccTLD,,Association Française pour le Nommage Internet en Coopération (A.F.N.I.C.),,,,False
read,gTLD,,"Amazon Registry Services, Inc.",,,,False
realestate,gTLD,,dotRealEstate LLC,,,,False
realtor,gTLD,,Real Estate Domains LLC,,,,False
realty,gTLD,,"Fegistry, LLC",,,,False
recipes,gTLD,,"Binky Moon, LLC",,,,False
red,gTLD,,Afilias Limited,,,,False
redstone,gTLD,,"Redstone Haute Couture Co., Ltd.",,,,False
redumbrella,gTLD,,"Travelers TLD, LLC",,,,False
rehab,gTLD,,United TLD Holdco Ltd.,,,,False
reise,gTLD,,"Binky Moon, LLC",,travel,,False
reisen,gTLD,,"Binky Moon, LLC",,traveling,,False
reit,gTLD,,"National Association of Real Estate Investment Trusts, Inc.",,,,False
reliance,gTLD,,Reliance Industries Limited,,,,False
ren,gTLD,,ZDNS International Limited,,,,False
rent,gTLD,,XYZ.COM LLC,,,,False
rentals,gTLD,,"Binky Moon, LLC",,,,False
repair,gTLD,,"Binky Moon, LLC",,,,False
report,gTLD,,"Binky Moon, LLC",,,,False
republican,gTLD,,United TLD Holdco Ltd.,,,,False
rest,gTLD,,Punto 2012 Sociedad Anonima Promotora de Inversion de Capital Variable,,,,False
restaurant,gTLD,,"Binky Moon, LLC",,,,False
review,gTLD,,dot Review Limited,,,,False
reviews,gTLD,,"United TLD Holdco, Ltd.",,,,False
rexroth,gTLD,,Robert Bosch GMBH,,,,False
rich,gTLD,,iRegistry GmbH,,,,False
richardli,gTLD,,Pacific Century Asset Management (HK) Limited,,,,False
ricoh,gTLD,,"Ricoh Company, Ltd.",,,,False
rightathome,gTLD,,Not assigned,,,,False
ril,gTLD,,Reliance Industries Limited,,,,False
rio,gTLD,,Empresa Municipal de Informática SA - IPLANRIO,,,,False
rip,gTLD,,United TLD Holdco Ltd.,,,,False
rmit,gTLD,,Royal Melbourne Institute of Technology,,,,False
ro,ccTLD,,National Institute for R&D in Informatics,,,,False
rocher,gTLD,,Ferrero Trading Lux S.A.,,,,False
rocks,gTLD,,"United TLD Holdco, LTD.",,,,False
rodeo,gTLD,,Minds + Machines Group Limited,,,,False
rogers,gTLD,,Rogers Communications Canada Inc.,,,,False
room,gTLD,,"Amazon Registry Services, Inc.",,,,False
rs,ccTLD,,Serbian National Internet Domain Registry (RNIDS),,,,False
rsvp,gTLD,,Charleston Road Registry Inc.,,invitations and replies,,False
ru,ccTLD,,Coordination Center for TLD RU,,,,False
rugby,gTLD,,World Rugby Strategic Developments Limited,,,,False
ruhr,gTLD,,regiodot GmbH & Co. KG,,,,False
run,gTLD,,"Binky Moon, LLC",,,,False
rw,ccTLD,,Rwanda Internet Community and Technology Alliance (RICTA) Ltd,,,,False
rwe,gTLD,,RWE AG,,,,False
ryukyu,gTLD,,"BRregistry, Inc.",,,,False
sa,ccTLD,,Communications and Information Technology Commission,,,,False
saarland,gTLD,,dotSaarland GmbH,,,,False
safe,gTLD,,"Amazon Registry Services, Inc.",,,,False
safety,gTLD,,"Safety Registry Services, LLC.",,,,False
sakura,gTLD,,SAKURA Internet Inc.,,,,False
sale,gTLD,,"United TLD Holdco, Ltd",,,,False
salon,gTLD,,"Binky Moon, LLC",,,,False
samsclub,gTLD,,"Wal-Mart Stores, Inc.",,,,False
samsung,gTLD,,"SAMSUNG SDS CO., LTD",,,,False
sandvik,gTLD,,Sandvik AB,,,,False
sandvikcoromant,gTLD,,Sandvik AB,,,,False
sanofi,gTLD,,Sanofi,,,,False
sap,gTLD,,SAP AG,,,,False
sapo,gTLD,,Not assigned,,,,False
sarl,gTLD,,"Binky Moon, LLC",,"société à responsabilité limitée, francophone limited liability company",,False
sas,gTLD,,Research IP LLC,,,,False
save,gTLD,,"Amazon Registry Services, Inc.",,,,False
saxo,gTLD,,Saxo Bank A/S,,,,False
sb,ccTLD,,Solomon Telekom Company Limited,,,,False
sbi,gTLD,,STATE BANK OF INDIA,,,,False
sbs,gTLD,,SPECIAL BROADCASTING SERVICE CORPORATION,,,,False
sc,ccTLD,,VCS Pty Ltd,,,,False
sca,gTLD,,SVENSKA CELLULOSA AKTIEBOLAGET SCA (publ),,,,False
scb,gTLD,,"The Siam Commercial Bank Public Company Limited (""SCB"")",,,,False
schaeffler,gTLD,,Schaeffler Technologies AG & Co. KG,,,,False
schmidt,gTLD,,SALM S.A.S.,,,,False
scholarships,gTLD,,"Scholarships.com, LLC",,,,False
school,gTLD,,"Binky Moon, LLC",,,,False
schule,gTLD,,"Binky Moon, LLC",,school,,False
schwarz,gTLD,,Schwarz Domains und Services GmbH & Co. KG,,,,False
science,gTLD,,dot Science Limited,,,,False
scjohnson,gTLD,,"Johnson Shareholdings, Inc.",,,,False
scor,gTLD,,Not assigned,,,,False
scot,gTLD,,Dot Scot Registry Limited,,,,False
sd,ccTLD,,Sudan Internet Society,,,,False
se,ccTLD,,The Internet Infrastructure Foundation,,,,False
search,gTLD,,Charleston Road Registry Inc.,,,,False
seat,gTLD,,"SEAT, S.A. (Sociedad Unipersonal)",,,,False
secure,gTLD,,"Amazon Registry Services, Inc.",,,,False
security,gTLD,,XYZ.COM LLC,,,,False
seek,gTLD,,Seek Limited,,,,False
select,gTLD,,"Registry Services, LLC",,,,False
sener,gTLD,,"Sener Ingeniería y Sistemas, S.A.",,,,False
services,gTLD,,"Binky Moon, LLC",,,,False
ses,gTLD,,SES,,,,False
seven,gTLD,,Seven West Media Ltd,,,,False
sew,gTLD,,SEW-EURODRIVE GmbH & Co KG,,,,False
sex,gTLD,,ICM Registry SX LLC,,,,False
sexy,gTLD,,"Uniregistry, Corp.",,,,False
sfr,gTLD,,Societe Francaise du Radiotelephone - SFR,,,,False
sg,ccTLD,,Singapore Network Information Centre (SGNIC) Pte Ltd,,,,False
sh,ccTLD,,Government of St. Helena,,,,False
shangrila,gTLD,,Shangri‐La International Hotel Management Limited,,,,False
sharp,gTLD,,Sharp Corporation,,,,False
shaw,gTLD,,Shaw Cablesystems G.P.,,,,False
shell,gTLD,,Shell Information Technology International Inc,,,,False
shia,gTLD,,Asia Green IT System Bilgisayar San. ve Tic. Ltd. Sti.,,,,False
shiksha,gTLD,,Afilias Limited,,education,,False
shoes,gTLD,,"Binky Moon, LLC",,,,False
shop,gTLD,,"GMO Registry, Inc.",,,,False
shopping,gTLD,,"Binky Moon, LLC",,,,False
shouji,gTLD,,QIHOO 360 TECHNOLOGY CO. LTD.,,phone,,False
show,gTLD,,"Binky Moon, LLC",,,,False
showtime,gTLD,,CBS Domains Inc.,,,,False
shriram,gTLD,,Shriram Capital Ltd.,,,,False
si,ccTLD,,Academic and Research Network of Slovenia (ARNES),,,,False
silk,gTLD,,"Amazon Registry Services, Inc.",,,,False
sina,gTLD,,Sina Corporation,,,,False
singles,gTLD,,"Binky Moon, LLC",,,,False
site,gTLD,,DotSite Inc.,,,,False
sj,ccTLD,,Norid A/S,,,,False
sk,ccTLD,,"SK-NIC, a.s.",,,,False
ski,gTLD,,Afilias Limited,,,,False
skin,gTLD,,XYZ.COM LLC,,,,False
sky,gTLD,,Sky International AG,,,,False
skype,gTLD,,Microsoft Corporation,,,,False
sl,ccTLD,,Sierratel,,,,False
sling,gTLD,,Hughes Satellite Systems Corporation,,,,False
sm,ccTLD,,Telecom Italia San Marino S.p.A.,,,,False
smart,gTLD,,"Smart Communications, Inc. (SMART)",,,,False
smile,gTLD,,"Amazon Registry Services, Inc.",,,,False
sn,ccTLD,,Universite Cheikh Anta Diop NIC Senegal,,,,False
sncf,gTLD,,SNCF (Société Nationale des Chemins de fer Francais),,,,False
so,ccTLD,,Ministry of Post and Telecommunications,,,,False
soccer,gTLD,,"Binky Moon, LLC",,,,False
social,gTLD,,United TLD Holdco Ltd.,,,,False
softbank,gTLD,,SoftBank Group Corp.,,,,False
software,gTLD,,"United TLD Holdco, Ltd",,,,False
sohu,gTLD,,Sohu.com Limited,,,,False
solar,gTLD,,"Binky Moon, LLC",,,,False
solutions,gTLD,,"Binky Moon, LLC",,,,False
song,gTLD,,"Amazon Registry Services, Inc.",,,,False
sony,gTLD,,Sony Corporation,,,,False
soy,gTLD,,Charleston Road Registry Inc.,,i am,,False
spa,gTLD,,Asia Spa and Wellness Promotion Council Limited,,,,False
space,gTLD,,DotSpace Inc.,,,,False
spiegel,gTLD,,Not assigned,,,,False
sport,gTLD,,Global Association of International Sports Federations (GAISF),,,,False
spot,gTLD,,"Amazon Registry Services, Inc.",,,,False
spreadbetting,gTLD,,DOTSPREADBETTING REGISTRY LTD,,,,False
sr,ccTLD,,Telesur,,,,False
srl,gTLD,,InterNetX Corp.,,,,False
srt,gTLD,,Not assigned,,,,False
ss,ccTLD,,National Communication Authority (NCA),,,,False
st,ccTLD,,Tecnisys,,,,False
stada,gTLD,,STADA Arzneimittel AG,,,,False
staples,gTLD,,"Staples, Inc.",,,,False
star,gTLD,,Star India Private Limited,,,,False
starhub,gTLD,,Not assigned,,,,False
statebank,gTLD,,STATE BANK OF INDIA,,,,False
statefarm,gTLD,,State Farm Mutual Automobile Insurance Company,,,,False
statoil,gTLD,,Not assigned,,,,False
stc,gTLD,,Saudi Telecom Company,,,,False
stcgroup,gTLD,,Saudi Telecom Company,,,,False
stockholm,gTLD,,Stockholms kommun,,,,False
storage,gTLD,,XYZ.COM LLC,,,,False
store,gTLD,,DotStore Inc.,,,,False
stream,gTLD,,dot Stream Limited,,,,False
studio,gTLD,,United TLD Holdco Ltd.,,,,False
study,gTLD,,OPEN UNIVERSITIES AUSTRALIA PTY LTD,,,,False
style,gTLD,,"Binky Moon, LLC",,,,False
su,ccTLD,,Russian Institute for Development of Public Networks (ROSNIIROS),,,,False
sucks,gTLD,,Vox Populi Registry Ltd.,,,,False
supplies,gTLD,,"Binky Moon, LLC",,,,False
supply,gTLD,,"Binky Moon, LLC",,,,False
support,gTLD,,"Binky Moon, LLC",,,,False
surf,gTLD,,Minds + Machines Group Limited,,,,False
surgery,gTLD,,"Binky Moon, LLC",,,,False
suzuki,gTLD,,SUZUKI MOTOR CORPORATION,,,,False
sv,ccTLD,,SVNet,,,,False
swatch,gTLD,,The Swatch Group Ltd,,,,False
swiftcover,gTLD,,Swiftcover Insurance Services Limited,,,,False
swiss,gTLD,,Swiss Confederation,,,,False
sx,ccTLD,,SX Registry SA B.V.,,,,False
sy,ccTLD,,National Agency for Network Services (NANS),,,,False
sydney,gTLD,,"State of New South Wales, Department of Premier and Cabinet",,,,False
symantec,gTLD,,Not assigned,,,,False
systems,gTLD,,"Binky Moon, LLC",,,,False
sz,ccTLD,,University of Swaziland Department of Computer Science,,,,False
tab,gTLD,,Tabcorp Holdings Limited,,,,False
taipei,gTLD,,Taipei City Government,,,,False
talk,gTLD,,"Amazon Registry Services, Inc.",,,,False
taobao,gTLD,,Alibaba Group Holding Limited,,,,False
target,gTLD,,"Target Domain Holdings, LLC",,,,False
tatamotors,gTLD,,Tata Motors Ltd,,,,False
tatar,gTLD,,"Limited Liability Company ""Coordination Center of Regional Domain of Tatarstan Republic""",,,,False
tattoo,gTLD,,"Uniregistry, Corp.",,,,False
tax,gTLD,,"Binky Moon, LLC",,,,False
taxi,gTLD,,"Binky Moon, LLC",,,,False
tc,ccTLD,,Melrex TC,,,,False
tci,gTLD,,Asia Green IT System Bilgisayar San. ve Tic. Ltd. Sti.,,,,False
td,ccTLD,,l'Agence de Développement des Technologies de l'Information et de la Communication (ADETIC),,,,False
tdk,gTLD,,TDK Corporation,,,,False
team,gTLD,,"Binky Moon, LLC",,,,False
tech,gTLD,,Dot Tech LLC,,,,False
technology,gTLD,,"Binky Moon, LLC",,,,False
tel,sTLD,,Telnames Ltd.,,,,False
telecity,gTLD,,Not assigned,,,,False
telefonica,gTLD,,Not assigned,,,,False
temasek,gTLD,,Temasek Holdings (Private) Limited,,,,False
tennis,gTLD,,"Binky Moon, LLC",,,,False
teva,gTLD,,Teva Pharmaceutical Industries Limited,,,,False
tf,ccTLD,,Association Française pour le Nommage Internet en Coopération (A.F.N.I.C.),,,,False
tg,ccTLD,,Autorite de Reglementation des secteurs de Postes et de Telecommunications (ART&P),,,,False
th,ccTLD,,Thai Network Information Center Foundation,,,,False
thd,gTLD,,"Home Depot Product Authority, LLC",,,,False
theater,gTLD,,"Binky Moon, LLC",,,,False
theatre,gTLD,,XYZ.COM LLC,,,,False
tiaa,gTLD,,Teachers Insurance and Annuity Association of America,,,,False
tickets,gTLD,,Accent Media Limited,,,,False
tienda,gTLD,,"Binky Moon, LLC",,shop,,False
tiffany,gTLD,,Tiffany and Company,,,,False
tips,gTLD,,"Binky Moon, LLC",,,,False
tires,gTLD,,"Binky Moon, LLC",,,,False
tirol,gTLD,,punkt Tirol GmbH,,,,False
tj,ccTLD,,Information Technology Center,,,,False
tjmaxx,gTLD,,"The TJX Companies, Inc.",,,,False
tjx,gTLD,,"The TJX Companies, Inc.",,,,False
tk,ccTLD,,Telecommunication Tokelau Corporation (Teletok),,,,False
tkmaxx,gTLD,,"The TJX Companies, Inc.",,,,False
tl,ccTLD,,Autoridade Nacional de Comunicações,,,,False
tm,ccTLD,,TM Domain Registry Ltd,,,,False
tmall,gTLD,,Alibaba Group Holding Limited,,,,False
tn,ccTLD,,Agence Tunisienne d'Internet,,,,False
to,ccTLD,,Government of the Kingdom of Tonga H.R.H. Crown Prince Tupouto'a c/o Consulate of Tonga,,,,False
today,gTLD,,"Binky Moon, LLC",,,,False
tokyo,gTLD,,"GMO Registry, Inc.",,,,False
tools,gTLD,,"Binky Moon, LLC",,,,False
top,gTLD,,"Jiangsu Bangning Science & Technology Co.,Ltd.",,,,False
toray,gTLD,,"Toray Industries, Inc.",,,,False
toshiba,gTLD,,TOSHIBA Corporation,,,,False
total,gTLD,,Total SA,,,,False
tours,gTLD,,"Binky Moon, LLC",,,,False
town,gTLD,,"Binky Moon, LLC",,,,False
toyota,gTLD,,TOYOTA MOTOR CORPORATION,,,,False
toys,gTLD,,"Binky Moon, LLC",,,,False
tp,ccTLD,,Retired,,,,False
tr,ccTLD,,Bilgi Teknolojileri ve İletişim Kurumu (BTK),,,,False
trade,gTLD,,Elite Registry Limited,,,,False
trading,gTLD,,DOTTRADING REGISTRY LTD,,,,False
training,gTLD,,"Binky Moon, LLC",,,,False
travel,sTLD,,"Dog Beach, LLC",,,,False
travelchannel,gTLD,,"Lifestyle Domain Holdings, Inc.",,,,False
travelers,gTLD,,"Travelers TLD, LLC",,,,False
travelersinsurance,gTLD,,"Travelers TLD, LLC",,,,False
trust,gTLD,,Artemis Internet Inc,,,,False
trv,gTLD,,"Travelers TLD, LLC",,,,False
tt,ccTLD,,University of the West Indies Faculty of Engineering,,,,False
tube,gTLD,,Latin American Telecom LLC,,,,False
tui,gTLD,,TUI AG,,,,False
tunes,gTLD,,"Amazon Registry Services, Inc.",,,,False
tushu,gTLD,,"Amazon Registry Services, Inc.",,books,,False
tv,ccTLD,,Ministry of Finance and Tourism,,,,False
tvs,gTLD,,T V SUNDRAM IYENGAR & SONS PRIVATE LIMITED,,,,False
tw,ccTLD,,Taiwan Network Information Center (TWNIC),,,,False
tz,ccTLD,,Tanzania Communications Regulatory Authority,,,,False
ua,ccTLD,,Hostmaster Ltd.,,,,False
ubank,gTLD,,National Australia Bank Limited,,,,False
ubs,gTLD,,UBS AG,,,,False
uconnect,gTLD,,Not assigned,,,,False
ug,ccTLD,,Uganda Online Ltd.,,,,False
uk,ccTLD,,Nominet UK,,,,False
um,ccTLD,,Not assigned,,,,False
unicom,gTLD,,China United Network Communications Corporation Limited,,,,False
university,gTLD,,"Binky Moon, LLC",,,,False
uno,gTLD,,DotSite Inc.,,one,,False
uol,gTLD,,UBN INTERNET LTDA.,,,,False
ups,gTLD,,"UPS Market Driver, Inc.",,,,False
us,ccTLD,,"NeuStar, Inc.",,,,False
uy,ccTLD,,SeCIU - Universidad de la Republica,,,,False
uz,ccTLD,,Single Integrator for Creation and Support of State Information Systems UZINFOCOM,,,,False
va,ccTLD,,Holy See - Vatican City State,,,,False
vacations,gTLD,,"Binky Moon, LLC",,,,False
vana,gTLD,,"Lifestyle Domain Holdings, Inc.",,,,False
vanguard,gTLD,,"The Vanguard Group, Inc.",,,,False
vc,ccTLD,,"Ministry of Telecommunications, Science, Technology and Industry",,,,False
ve,ccTLD,,Comisión Nacional de Telecomunicaciones (CONATEL),,,,False
vegas,gTLD,,"Dot Vegas, Inc.",,,,False
ventures,gTLD,,"Binky Moon, LLC",,,,False
verisign,gTLD,,"VeriSign, Inc.",,,,False
vermögensberater,gTLD,de,Deutsche Vermögensberatung Aktiengesellschaft DVAG,xn--vermgensberater-ctb,financial advisor,,False
vermögensberatung,gTLD,de,Deutsche Vermögensberatung Aktiengesellschaft DVAG,xn--vermgensberatung-pwb,financial advice,,False
versicherung,gTLD,,TLD-BOX Registrydienstleistungen GmbH,,insurance,,False
vet,gTLD,,"United TLD Holdco, Ltd",,,,False
vg,ccTLD,,Telecommunications Regulatory Commission of the Virgin Islands,,,,False
vi,ccTLD,,"Virgin Islands Public Telecommunications System, Inc.",,,,False
viajes,gTLD,,"Binky Moon, LLC",,travel,,False
video,gTLD,,"United TLD Holdco, Ltd",,,,False
vig,gTLD,,VIENNA INSURANCE GROUP AG Wiener Versicherung Gruppe,,,,False
viking,gTLD,,Viking River Cruises (Bermuda) Ltd.,,,,False
villas,gTLD,,"Binky Moon, LLC",,,,False
vin,gTLD,,"Binky Moon, LLC",,,,False
vip,gTLD,,Minds + Machines Group Limited,,,,False
virgin,gTLD,,Virgin Enterprises Limited,,,,False
visa,gTLD,,Visa Worldwide Pte. Limited,,,,False
vision,gTLD,,"Binky Moon, LLC",,,,False
vista,gTLD,,Not assigned,,,,False
vistaprint,gTLD,,Not assigned,,,,False
viva,gTLD,,Saudi Telecom Company,,,,False
vivo,gTLD,,Telefonica Brasil S.A.,,,,False
vlaanderen,gTLD,,DNS.be vzw,,,,False
vn,ccTLD,,Viet Nam Internet Network Information Center (VNNIC),,,,False
vodka,gTLD,,Minds + Machines Group Limited,,,,False
volkswagen,gTLD,,Volkswagen Group of America Inc.,,,,False
volvo,gTLD,,Volvo Holding Sverige Aktiebolag,,,,False
vote,gTLD,,Monolith Registry LLC,,,,False
voting,gTLD,,Valuetainment Corp.,,,,False
voto,gTLD,,Monolith Registry LLC,,vote,,False
voyage,gTLD,,"Binky Moon, LLC",,,,False
vu,ccTLD,,Telecommunications Radiocommunications and Broadcasting Regulator (TRBR),,,,False
vuelos,gTLD,,Travel Reservations SRL,,flights,,False
wales,gTLD,,Nominet UK,,,,False
walmart,gTLD,,"Wal-Mart Stores, Inc.",,,,False
walter,gTLD,,Sandvik AB,,,,False
wang,gTLD,,Zodiac Wang Limited,,,,False
wanggou,gTLD,,"Amazon Registry Services, Inc.",,online shopping,,False
warman,gTLD,,Not assigned,,,,False
watch,gTLD,,"Binky Moon, LLC",,,,False
watches,gTLD,,Richemont DNS Inc.,,,,False
weather,gTLD,,International Business Machines Corporation,,,,False
weatherchannel,gTLD,,International Business Machines Corporation,,,,False
webcam,gTLD,,dot Webcam Limited,,,,False
weber,gTLD,,Saint-Gobain Weber SA,,,,False
website,gTLD,,DotWebsite Inc.,,,,False
wed,gTLD,,Emergency Back-End Registry Operator Program - ICANN,,,,False
wedding,gTLD,,Minds + Machines Group Limited,,,,False
weibo,gTLD,,Sina Corporation,,microblogging,,False
weir,gTLD,,Weir Group IP Limited,,,,False
wf,ccTLD,,Association Française pour le Nommage Internet en Coopération (A.F.N.I.C.),,,,False
whoswho,gTLD,,Who's Who Registry,,,,False
wien,gTLD,,punkt.wien GmbH,,,,False
wiki,gTLD,,"Top Level Design, LLC",,,,False
williamhill,gTLD,,William Hill Organization Limited,,,,False
win,gTLD,,First Registry Limited,,,,False
windows,gTLD,,Microsoft Corporation,,,,False
wine,gTLD,,"Binky Moon, LLC",,,,False
winners,gTLD,,"The TJX Companies, Inc.",,,,False
wme,gTLD,,"William Morris Endeavor Entertainment, LLC",,,,False
wolterskluwer,gTLD,,Wolters Kluwer N.V.,,,,False
woodside,gTLD,,Woodside Petroleum Limited,,,,False
work,gTLD,,Minds + Machines Group Limited,,,,False
works,gTLD,,"Binky Moon, LLC",,,,False
world,gTLD,,"Binky Moon, LLC",,,,False
wow,gTLD,,"Amazon Registry Services, Inc.",,,,False
ws,ccTLD,,Government of Samoa Ministry of Foreign Affairs & Trade,,,,False
wtc,gTLD,,"World Trade Centers Association, Inc.",,,,False
wtf,gTLD,,"Binky Moon, LLC",,,,False
xbox,gTLD,,Microsoft Corporation,,,,False
xerox,gTLD,,Xerox DNHC LLC,,,,False
xfinity,gTLD,,"Comcast IP Holdings I, LLC",,,,False
xihuan,gTLD,,QIHOO 360 TECHNOLOGY CO. LTD.,,like,,False
xin,gTLD,,Elegant Leader Limited,,,,False
xperia,gTLD,,Not assigned,,,,False
xxx,sTLD,,ICM Registry LLC,,,,False
xyz,gTLD,,XYZ.COM LLC,,,,False
yachts,gTLD,,"DERYachts, LLC",,,,False
yahoo,gTLD,,Yahoo! Domain Services Inc.,,,,False
yamaxun,gTLD,,"Amazon Registry Services, Inc.",,,,False
yandex,gTLD,,Yandex Europe B.V.,,,,False
ye,ccTLD,,TeleYemen,,,,False
yodobashi,gTLD,,"YODOBASHI CAMERA CO.,LTD.",,,,False
yoga,gTLD,,Minds + Machines Group Limited,,,,False
yokohama,gTLD,,"GMO Registry, Inc.",,,,False
you,gTLD,,"Amazon Registry Services, Inc.",,,,False
youtube,gTLD,,Charleston Road Registry Inc.,,,,False
yt,ccTLD,,Association Française pour le Nommage Internet en Coopération (A.F.N.I.C.),,,,False
yun,gTLD,,QIHOO 360 TECHNOLOGY CO. LTD.,,,,False
za,ccTLD,,ZA Domain Name Authority,,,,False
zappos,gTLD,,"Amazon Registry Services, Inc.",,,,False
zara,gTLD,,"Industria de Diseño Textil, S.A. (INDITEX, S.A.)",,,,False
zero,gTLD,,"Amazon Registry Services, Inc.",,,,False
zip,gTLD,,Charleston Road Registry Inc.,,,,False
zippo,gTLD,,Not assigned,,,,False
zm,ccTLD,,Zambia Information and Communications Technology Authority (ZICTA),,,,False
zone,gTLD,,"Binky Moon, LLC",,,,False
zuerich,gTLD,,Kanton Zürich (Canton of Zurich),,,,False
zw,ccTLD,,Postal and Telecommunications Regulatory Authority of Zimbabwe (POTRAZ),,,,False
δοκιμή,test,el,Internet Assigned Numbers Authority,xn--jxalpdlp,test,dokimé,False
ελ,ccTLD,el,ICS-FORTH GR,xn--qxam,ht,,False
ευ,ccTLD,,EURid vzw/asbl,xn--qxa6a,,,False
бг,ccTLD,sr,Imena.BG AD,xn--90ae,bg,,False
бел,ccTLD,bg,"Reliable Software, Ltd.",xn--90ais,bell,,False
дети,gTLD,ru,The Foundation for Network Initiatives “The Smart Internet”,xn--d1acj3b,kids,dyeti,False
ею,ccTLD,ru,EURid vzw/asbl,xn--e1a4c,her,,False
испытание,test,ru,Internet Assigned Numbers Authority,xn--80akhbyknj4f,test,ispytánije,False
католик,gTLD,mn,Pontificium Consilium de Comunicationibus Socialibus (PCCS) (Pontifical Council for Social Communication),xn--80aqecdr1a,catholic,Katolik,False
ком,gTLD,ru,VeriSign Sarl,xn--j1aef,com,kom,False
мкд,ccTLD,ru,Macedonian Academic Research Network Skopje,xn--d1alf,mcd,,False
мон,ccTLD,ru,"Datacom Co.,Ltd",xn--l1acc,mont,,False
москва,gTLD,ru,Foundation for Assistance for Internet Technologies and Infrastructure Development (FAITID),xn--80adxhks,moscow,moskva,False
онлайн,gTLD,ru,CORE Association,xn--80asehdb,online,onlain,False
орг,gTLD,ru,Public Interest Registry,xn--c1avg,organization,org,False
рус,gTLD,ru,Rusnames Limited,xn--p1acf,russian,rus,False
рф,ccTLD,ru,Coordination Center for TLD RU,xn--p1ai,rf,,False
сайт,gTLD,ru,CORE Association,xn--80aswg,site,sait,False
срб,ccTLD,bg,Serbian National Internet Domain Registry (RNIDS),xn--90a3ac,srb,,False
укр,ccTLD,uk,"Ukrainian Network Information Centre (UANIC), Inc.",xn--j1amh,ukr,,False
қаз,ccTLD,ru,Association of IT Companies of Kazakhstan,xn--80ao21a,goose,,False
հայ,ccTLD,hy,"""Internet Society"" Non-governmental Organization",xn--y9a3aq,armenian,,False
טעסט,test,en,Internet Assigned Numbers Authority,xn--deba0ad,test,,True
ישראל,ccTLD,,Not assigned,xn--4dbrk0ce,,,True
קום,gTLD,he,VeriSign Sarl,xn--9dbq2a,get up,qom,True
آزمایشی,test,fa,Internet Assigned Numbers Authority,xn--hgbk6aj7f53bba,in the cloud,,True
إختبار,test,ar,Internet Assigned Numbers Authority,xn--kgbechtv,test,,True
ابوظبي,gTLD,ar,Abu Dhabi Systems and Information Centre,xn--mgbca7dzdo,abu dhabi,abu thabi,True
اتصالات,gTLD,ar,Emirates Telecommunications Corporation (trading as Etisalat),xn--mgbaakc7dvf,telecom,itissalat,True
ارامكو,gTLD,ar,Aramco Services Company,xn--mgba3a3ejt,aramco,,True
الاردن,ccTLD,ar,National Information Technology Center (NITC),xn--mgbayh7gpa,jordan,,True
البحرين,ccTLD,,Telecommunications Regulatory Authority (TRA),xn--mgbcpq6gpa1a,,,True
الجزائر,ccTLD,ar,CERIST,xn--lgbbat1ad8j,algeria,,True
السعودية,ccTLD,ar,Communications and Information Technology Commission,xn--mgberp4a5d4ar,saudi arabia,,True
العليان,gTLD,ar,Crescent Holding GmbH,xn--mgba7c0bbn0a,olayan,al-alian,True
المغرب,ccTLD,ar,Agence Nationale de Réglementation des Télécommunications (ANRT),xn--mgbc0a9azcg,morocco,,True
امارات,ccTLD,fa,Telecommunications Regulatory Authority (TRA),xn--mgbaam7a8h,uae,,True
ایران,ccTLD,fa,Institute for Research in Fundamental Sciences (IPM),xn--mgba3a4f16a,iran,,True
بارت,ccTLD,ar,National Internet eXchange of India,xn--mgbbh1a,bart,,True
بازار,gTLD,ar,CORE Association,xn--mgbab2bd,bazaar,,True
بيتك,gTLD,ar,Kuwait Finance House,xn--ngbe9e0a,b-tech,baytak,True
بھارت,ccTLD,ur,National Internet Exchange of India,xn--mgbbh1a71e,india,,True
تونس,ccTLD,ar,Agence Tunisienne d'Internet,xn--pgbs0dh,tunisia,,True
سودان,ccTLD,fa,Sudan Internet Society,xn--mgbpl2fh,sudan,sudan,True
سورية,ccTLD,ar,National Agency for Network Services (NANS),xn--ogbpf8fl,syria,,True
شبكة,gTLD,ar,International Domain Registry Pty. Ltd.,xn--ngbc5azd,web,,True
عراق,ccTLD,fa,Communications and Media Commission (CMC),xn--mgbtx2b,iraq,,True
عرب,gTLD,ar,League of Arab States,xn--ngbrx,Arabs,arab,True
عمان,ccTLD,ar,Telecommunications Regulatory Authority (TRA),xn--mgb9awbf,oman,,True
فلسطين,ccTLD,ar,Ministry of Telecom & Information Technology (MTIT),xn--ygbi2ammx,palestine,,True
قطر,ccTLD,ar,Communications Regulatory Authority,xn--wgbl6a,qatar,,True
كاثوليك,gTLD,ar,Pontificium Consilium de Comunicationibus Socialibus (PCCS) (Pontifical Council for Social Communication),xn--mgbi4ecexp,catholic,catholic,True
كوم,gTLD,ar,VeriSign Sarl,xn--fhbei,com,com,True
مصر,ccTLD,ar,National Telecommunication Regulatory Authority - NTRA,xn--wgbh1c,egypt,,True
مليسيا,ccTLD,ar,MYNIC Berhad,xn--mgbx4cd0ab,malysia,,True
موبايلي,gTLD,ar,Not assigned,xn--mgbb9fbpob,mobily,mobily,True
موريتانيا,ccTLD,ar,Université de Nouakchott Al Aasriya,xn--mgbah1a3hjkrd,mauritania,,True
موقع,gTLD,ar,Suhub Electronic Establishment,xn--4gbrim,site,,True
همراه,gTLD,fa,Asia Green IT System Bilgisayar San. ve Tic. Ltd. Sti.,xn--mgbt3dhd,along,hamra,True
پاكستان,ccTLD,fa,Not assigned,xn--mgbai9a5eva00b,pakistan,,True
پاکستان,ccTLD,ur,National Telecommunication Corporation,xn--mgbai9azgqp6j,pakistan,,True
ڀارت,ccTLD,sd,National Internet eXchange of India,xn--mgbgu82a,india,,True
कॉम,gTLD,hi,VeriSign Sarl,xn--11b4c3d,com,koma,False
नेट,gTLD,hi,VeriSign Sarl,xn--c2br7g,met,neta,False
परीक्षा,test,hi,Internet Assigned Numbers Authority,xn--11b5bs3a9aj6g,exam,parīkṣā,False
भारत,ccTLD,hi,National Internet Exchange of India,xn--h2brj9c,india,,False
भारतम्,ccTLD,ne,National Internet eXchange of India,xn--h2breg3eve,bharatam,,False
भारोत,ccTLD,hi,National Internet eXchange of India,xn--h2brj9c8c,bharot,,False
संगठन,gTLD,hi,Public Interest Registry,xn--i1b6b1a6a2e,organization,saṅgaṭhana,False
বাংলা,ccTLD,bn,Posts and Telecommunications Division,xn--54b7fta0cc,bengali,,False
ভারত,ccTLD,bn,National Internet Exchange of India,xn--45brj9c,india,,False
ভাৰত,ccTLD,bn,National Internet eXchange of India,xn--45br5cyl,bharata,,False
ਭਾਰਤ,ccTLD,pa,National Internet Exchange of India,xn--s9brj9c,india,,False
ભારત,ccTLD,gu,National Internet Exchange of India,xn--gecrj9c,india,,False
ଭାରତ,ccTLD,en,National Internet eXchange of India,xn--3hcrj9c,ଭାରତ,,False
இந்தியா,ccTLD,ta,National Internet Exchange of India,xn--xkc2dl3a5ee0h,india,,False
இலங்கை,ccTLD,ta,LK Domain Registry,xn--xkc2al3hye2a,sri lanka,,False
சிங்கப்பூர்,ccTLD,ta,Singapore Network Information Centre (SGNIC) Pte Ltd,xn--clchc0ea0b2g2a9gcd,singapore,,False
பரிட்சை,test,ta,Internet Assigned Numbers Authority,xn--hlcj6aya9esc7a,in ayurveda,pariṭcai,False
భారత్,ccTLD,te,National Internet Exchange of India,xn--fpcrj9c3d,india,,False
ಭಾರತ,ccTLD,kn,National Internet eXchange of India,xn--2scrj9c,india,,False
ഭാരതം,ccTLD,ml,National Internet eXchange of India,xn--rvc1e0am3e,india,,False
ලංකා,ccTLD,si,LK Domain Registry,xn--fzc2c9e2c,the,,False
คอม,gTLD,th,VeriSign Sarl,xn--42c2d9a,com,khxm,False
ไทย,ccTLD,th,Thai Network Information Center Foundation,xn--o3cw4h,thai,,False
ລາວ,ccTLD,,Lao National Internet Center (LANIC),xn--q7ce6a,,,False
გე,ccTLD,ka,Information Technologies Development Center (ITDC),xn--node,customize,,False
みんな,gTLD,ja,Charleston Road Registry Inc.,xn--q9jyb4c,everyone,minna,False
アマゾン,gTLD,,"Amazon Registry Services, Inc.",xn--cckwcxetd,,,False
クラウド,gTLD,ja,"Amazon Registry Services, Inc.",xn--gckr3f0f,cloud,kuraudo,False
グーグル,gTLD,ja,Charleston Road Registry Inc.,xn--qcka1pmc,google,guguru,False
コム,gTLD,ja,VeriSign Sarl,xn--tckwe,com,komu,False
ストア,gTLD,ja,"Amazon Registry Services, Inc.",xn--cck2b3b,store,sutoa,False
セール,gTLD,ja,"Amazon Registry Services, Inc.",xn--1ck2e1b,sale,sēru,False
テスト,test,ja,Internet Assigned Numbers Authority,xn--zckzah,test,tesuto,False
ファッション,gTLD,ja,"Amazon Registry Services, Inc.",xn--bck1b9a5dre4c,fashion,fasshon,False
ポイント,gTLD,ja,"Amazon Registry Services, Inc.",xn--eckvdtc9d,point,pointo,False
世界,gTLD,zh,Stable Tone Limited,xn--rhqv96g,world,shìjiè,False
中信,gTLD,zh,CITIC Group Corporation,xn--fiq64b,citic,,False
中国,ccTLD,zh-hans,China Internet Network Information Center (CNNIC),xn--fiqs8s,china,,False
中國,ccTLD,zh-hant,China Internet Network Information Center (CNNIC),xn--fiqz9s,china,,False
中文网,gTLD,zh,TLD REGISTRY LIMITED,xn--fiq228c5hs,dot chinese website,Zhōngwén wǎng,False
亚马逊,gTLD,,"Amazon Registry Services, Inc.",xn--jlq480n2rg,,,False
企业,gTLD,zh-hans,"Binky Moon, LLC",xn--vhquv,enterprise,,False
佛山,gTLD,zh,"Guangzhou YU Wei Information Technology Co., Ltd.",xn--1qqw23a,foshan,fòshān,False
信息,gTLD,zh-hans,"Beijing Tele-info Network Technology Co., Ltd.",xn--vuq861b,information,xinxi,False
健康,gTLD,zh-hans,Stable Tone Limited,xn--nyqy26a,healthy and fit,jiankang,False
八卦,gTLD,zh-hans,Zodiac Gemini Ltd,xn--45q11c,gossip,Bāguà,False
公司,gTLD,zh,Computer Network Information Center of Chinese Academy of Sciences （China Internet Network Information Center）,xn--55qx5d,company,gōngsī,False
公益,gTLD,zh,China Organizational Name Administration Center,xn--55qw42g,charity,Gōngyì,False
台湾,ccTLD,zh-hans,Taiwan Network Information Center (TWNIC),xn--kprw13d,taiwan,,False
台灣,ccTLD,zh-hant,Taiwan Network Information Center (TWNIC),xn--kpry57d,taiwan,,False
商城,gTLD,zh,Zodiac Aquarius Limited,xn--czru2d,mall,shāngchéng,False
商店,gTLD,zh-hans,"Binky Moon, LLC",xn--czrs0t,shop,shangdian,False
商标,gTLD,zh,Internet DotTrademark Organisation Limited,xn--czr694b,trademark,shāngbiāo,False
嘉里,gTLD,zh-hans,Kerry Trading Co. Limited,xn--w4rs40l,kerry,jia li,False
嘉里大酒店,gTLD,zh-hans,Kerry Trading Co. Limited,xn--w4r85el8fhu5dnra,kerry hotel,jia li da jiudian,False
在线,gTLD,zh,TLD REGISTRY LIMITED,xn--3ds443g,dot chinese online,zàixiàn,False
大众汽车,gTLD,zh-hans,"Volkswagen (China) Investment Co., Ltd.",xn--3oq18vl8pn36a,volkswagen,dazhong qiche,False
大拿,gTLD,zh-hans,VeriSign Sarl,xn--pssy2u,big take,da na,False
天主教,gTLD,zh-hans,Pontificium Consilium de Comunicationibus Socialibus (PCCS) (Pontifical Council for Social Communication),xn--tiq49xqyj,catholicism,tianzhujiao,False
娱乐,gTLD,zh-hans,"Binky Moon, LLC",xn--fjq720a,entertainment,yule,False
家電,gTLD,ja,"Amazon Registry Services, Inc.",xn--fct429k,consumer electronics,kaden,False
工行,gTLD,zh-hans,Not assigned,xn--estv75g,icbc,gonghang,False
广东,gTLD,zh-hans,"Guangzhou YU Wei Information Technology Co., Ltd.",xn--xhq521b,guangdong,Guǎngdōng,False
微博,gTLD,ja,Sina Corporation,xn--9krt00a,miho,weibo,False
慈善,gTLD,zh-hans,Excellent First Limited,xn--30rr7y,charity,Císhàn,False
我爱你,gTLD,zh,Tycoon Treasure Limited,xn--6qq986b3xl,i love you,wǒ ài nǐ,False
手机,gTLD,zh,"Beijing RITT-Net Technology Development Co., Ltd",xn--kput3i,cell,,False
手表,gTLD,zh-hans,Not assigned,xn--kpu716f,watch,shoubiao,False
招聘,gTLD,zh-hans,Dot Trademark TLD Holding Company Limited,xn--otu796d,recruitment,zhaopin,False
政务,gTLD,zh,China Organizational Name Administration Center,xn--zfr164b,government,,False
政府,gTLD,zh-hans,"Net-Chinese Co., Ltd.",xn--mxtq1m,government,zhengfu,False
新加坡,ccTLD,zh-hans,Singapore Network Information Centre (SGNIC) Pte Ltd,xn--yfro4i67o,singapore,,False
新闻,gTLD,zh-hans,"Guangzhou YU Wei Information and Technology Co.,Ltd",xn--efvy88h,news,xinwen,False
时尚,gTLD,zh-hans,RISE VICTORY LIMITED,xn--9et52u,fashion,shishang,False
書籍,gTLD,ja,"Amazon Registry Services, Inc.",xn--rovu88b,a book,shoseki,False
机构,gTLD,zh,Public Interest Registry,xn--nqv7f,agencies,jīgòu,False
测试,test,zh,Internet Assigned Numbers Authority,xn--0zwm56d,test,cèshì,False
淡马锡,gTLD,zh-hans,Temasek Holdings (Private) Limited,xn--b4w605ferd,temasek,danmaxi,False
測試,test,zh,Internet Assigned Numbers Authority,xn--g6w251d,measured job interview,cèshì,False
游戏,gTLD,zh-hans,"Binky Moon, LLC",xn--unup4y,game,,False
澳門,ccTLD,zh-hant,Macao Post and Telecommunications Bureau (CTT),xn--mix891f,macau,,False
点看,gTLD,zh-hans,VeriSign Sarl,xn--3pxu8k,look at it,dian kan,False
珠宝,gTLD,zh-hans,Not assigned,xn--pbt977c,jewelry,zhubao,False
移动,gTLD,zh,Afilias Limited,xn--6frz82g,mobile,yídòng,False
组织机构,gTLD,zh,Public Interest Registry,xn--nqv7fs00ema,organization,,False
网址,gTLD,zh,"KNET Co., Ltd",xn--ses554g,network address,wǎngzhǐ,False
网店,gTLD,zh-hans,Zodiac Taurus Ltd.,xn--hxt814e,online shop,wang dian,False
网站,gTLD,zh-hans,Global Website TLD Asia Limited,xn--5tzm5g,website,wǎngzhàn,False
网络,gTLD,zh,Computer Network Information Center of Chinese Academy of Sciences （China Internet Network Information Center）,xn--io0a7i,network,wǎngluò,False
联通,gTLD,zh-hans,China United Network Communications Corporation Limited,xn--8y0a063a,china unicom,liantong,False
诺基亚,gTLD,zh-hans,Nokia Corporation,xn--jlq61u9w7b,nokia,nuojiya,False
谷歌,gTLD,zh-hans,Charleston Road Registry Inc.,xn--flw351e,google,guge,False
购物,gTLD,zh-hans,Minds + Machines Group Limited,xn--g2xx48c,shopping,gouwu,False
通販,gTLD,ja,"Amazon Registry Services, Inc.",xn--gk3at1e,mail order,tsuhan,False
集团,gTLD,zh,Eagle Horizon Limited,xn--3bst00m,group,jítuán,False
電訊盈科,gTLD,zh-hans,PCCW Enterprises Limited,xn--fzys8d69uvgm,pccw,dianxun yingke,False
飞利浦,gTLD,zh-hans,Koninklijke Philips N.V.,xn--kcrx77d1x4a,philips,feilipu,False
食品,gTLD,zh-hans,"Amazon Registry Services, Inc.",xn--jvr189m,food,shokuhin,False
餐厅,gTLD,zh-hans,Internet DotTrademark Organisation Limited,xn--imr513n,restaurant,canting,False
香格里拉,gTLD,zh-hans,Shangri‐La International Hotel Management Limited,xn--5su34j936bgsg,shangri-la,xianggelila,False
香港,ccTLD,zh-hans,Hong Kong Internet Registration Corporation Ltd.,xn--j6w193g,hong kong,,False
닷넷,gTLD,ko,VeriSign Sarl,xn--t60b56a,net,datnet,False
닷컴,gTLD,ko,VeriSign Sarl,xn--mk1bu44c,dotcom,datkeom,False
삼성,gTLD,ko,"SAMSUNG SDS CO., LTD",xn--cg4bki,samsung,,False
테스트,test,ko,Internet Assigned Numbers Authority,xn--9t4b11yi5a,test,teseuteu,False
한국,ccTLD,ko,KISA (Korea Internet & Security Agency),xn--3e0b707e,republic of korea,,False
